地區別," 人口數",選舉人數,候選人數_計,候選人數_男,候選人數_女,當選人數_計,當選人數_男,當選人數_女,投票數_合計,投票數_有效票數,投票數_無效票數,選舉人數對人口數,投票數對選舉人數,當選人數對候選人數,鄉鎮,鄉鎮_選舉人數,鄉鎮_投票數,鄉鎮_有效票數,鄉鎮_無效票數,鄉鎮_投票率,里,里_選舉人數,里_投票數,里_有效票數,里_無效票數,里_投票率
高雄市,1508761,1092668,5,4,1,1,1,--,779911,772157,7754,72.42%,71.38%,20%,高雄市鹽埕區,23638,17363,17192,171,73.45%,高雄市鹽埕區藍橋里,1253,941,932,9,75.1%
高雄市,1508761,1092668,5,4,1,1,1,--,779911,772157,7754,72.42%,71.38%,20%,高雄市鹽埕區,23638,17363,17192,171,73.45%,高雄市鹽埕區慈愛里,524,403,401,2,76.91%
高雄市,1508761,1092668,5,4,1,1,1,--,779911,772157,7754,72.42%,71.38%,20%,高雄市鹽埕區,23638,17363,17192,171,73.45%,高雄市鹽埕區博愛里,782,581,573,8,74.3%
高雄市,1508761,1092668,5,4,1,1,1,--,779911,772157,7754,72.42%,71.38%,20%,高雄市鹽埕區,23638,17363,17192,171,73.45%,高雄市鹽埕區壽星里,1329,951,942,9,71.56%
高雄市,1508761,1092668,5,4,1,1,1,--,779911,772157,7754,72.42%,71.38%,20%,高雄市鹽埕區,23638,17363,17192,171,73.45%,高雄市鹽埕區中山里,1219,902,892,10,74%
高雄市,1508761,1092668,5,4,1,1,1,--,779911,772157,7754,72.42%,71.38%,20%,高雄市鹽埕區,23638,17363,17192,171,73.45%,高雄市鹽埕區教仁里,2202,1665,1652,13,75.61%
高雄市,1508761,1092668,5,4,1,1,1,--,779911,772157,7754,72.42%,71.38%,20%,高雄市鹽埕區,23638,17363,17192,171,73.45%,高雄市鹽埕區新樂里,934,703,698,5,75.27%
高雄市,1508761,1092668,5,4,1,1,1,--,779911,772157,7754,72.42%,71.38%,20%,高雄市鹽埕區,23638,17363,17192,171,73.45%,高雄市鹽埕區中原里,707,515,512,3,72.84%
高雄市,1508761,1092668,5,4,1,1,1,--,779911,772157,7754,72.42%,71.38%,20%,高雄市鹽埕區,23638,17363,17192,171,73.45%,高雄市鹽埕區光明里,1166,830,824,6,71.18%
高雄市,1508761,1092668,5,4,1,1,1,--,779911,772157,7754,72.42%,71.38%,20%,高雄市鹽埕區,23638,17363,17192,171,73.45%,高雄市鹽埕區育仁里,840,598,591,7,71.19%
高雄市,1508761,1092668,5,4,1,1,1,--,779911,772157,7754,72.42%,71.38%,20%,高雄市鹽埕區,23638,17363,17192,171,73.45%,高雄市鹽埕區河濱里,1899,1425,1400,25,75.04%
高雄市,1508761,1092668,5,4,1,1,1,--,779911,772157,7754,72.42%,71.38%,20%,高雄市鹽埕區,23638,17363,17192,171,73.45%,高雄市鹽埕區沙地里,1081,774,770,4,71.6%
高雄市,1508761,1092668,5,4,1,1,1,--,779911,772157,7754,72.42%,71.38%,20%,高雄市鹽埕區,23638,17363,17192,171,73.45%,高雄市鹽埕區南端里,1133,827,814,13,72.99%
高雄市,1508761,1092668,5,4,1,1,1,--,779911,772157,7754,72.42%,71.38%,20%,高雄市鹽埕區,23638,17363,17192,171,73.45%,高雄市鹽埕區港都里,1162,846,836,10,72.81%
高雄市,1508761,1092668,5,4,1,1,1,--,779911,772157,7754,72.42%,71.38%,20%,高雄市鹽埕區,23638,17363,17192,171,73.45%,高雄市鹽埕區江西里,1239,911,902,9,73.53%
高雄市,1508761,1092668,5,4,1,1,1,--,779911,772157,7754,72.42%,71.38%,20%,高雄市鹽埕區,23638,17363,17192,171,73.45%,高雄市鹽埕區新豐里,664,540,535,5,81.33%
高雄市,1508761,1092668,5,4,1,1,1,--,779911,772157,7754,72.42%,71.38%,20%,高雄市鹽埕區,23638,17363,17192,171,73.45%,高雄市鹽埕區府北里,1781,1226,1209,17,68.84%
高雄市,1508761,1092668,5,4,1,1,1,--,779911,772157,7754,72.42%,71.38%,20%,高雄市鹽埕區,23638,17363,17192,171,73.45%,高雄市鹽埕區陸橋里,1273,926,919,7,72.74%
高雄市,1508761,1092668,5,4,1,1,1,--,779911,772157,7754,72.42%,71.38%,20%,高雄市鹽埕區,23638,17363,17192,171,73.45%,高雄市鹽埕區瀨南里,738,554,550,4,75.07%
高雄市,1508761,1092668,5,4,1,1,1,--,779911,772157,7754,72.42%,71.38%,20%,高雄市鹽埕區,23638,17363,17192,171,73.45%,高雄市鹽埕區新化里,772,596,592,4,77.2%
高雄市,1508761,1092668,5,4,1,1,1,--,779911,772157,7754,72.42%,71.38%,20%,高雄市鹽埕區,23638,17363,17192,171,73.45%,高雄市鹽埕區江南里,940,649,648,1,69.04%
高雄市,1508761,1092668,5,4,1,1,1,--,779911,772157,7754,72.42%,71.38%,20%,高雄市鼓山區,80422,58106,57555,551,72.25%,高雄市鼓山區鼓峰里,2063,1512,1505,7,73.29%
高雄市,1508761,1092668,5,4,1,1,1,--,779911,772157,7754,72.42%,71.38%,20%,高雄市鼓山區,80422,58106,57555,551,72.25%,高雄市鼓山區雄峰里,2104,1487,1474,13,70.67%
高雄市,1508761,1092668,5,4,1,1,1,--,779911,772157,7754,72.42%,71.38%,20%,高雄市鼓山區,80422,58106,57555,551,72.25%,高雄市鼓山區前峰里,4261,3205,3179,26,75.22%
高雄市,1508761,1092668,5,4,1,1,1,--,779911,772157,7754,72.42%,71.38%,20%,高雄市鼓山區,80422,58106,57555,551,72.25%,高雄市鼓山區光榮里,3922,2862,2834,28,72.97%
高雄市,1508761,1092668,5,4,1,1,1,--,779911,772157,7754,72.42%,71.38%,20%,高雄市鼓山區,80422,58106,57555,551,72.25%,高雄市鼓山區民族里,1481,1129,1123,6,76.23%
高雄市,1508761,1092668,5,4,1,1,1,--,779911,772157,7754,72.42%,71.38%,20%,高雄市鼓山區,80422,58106,57555,551,72.25%,高雄市鼓山區內惟里,1223,952,935,17,77.84%
高雄市,1508761,1092668,5,4,1,1,1,--,779911,772157,7754,72.42%,71.38%,20%,高雄市鼓山區,80422,58106,57555,551,72.25%,高雄市鼓山區建國里,2010,1538,1523,15,76.52%
高雄市,1508761,1092668,5,4,1,1,1,--,779911,772157,7754,72.42%,71.38%,20%,高雄市鼓山區,80422,58106,57555,551,72.25%,高雄市鼓山區忠正里,3979,2919,2899,20,73.36%
高雄市,1508761,1092668,5,4,1,1,1,--,779911,772157,7754,72.42%,71.38%,20%,高雄市鼓山區,80422,58106,57555,551,72.25%,高雄市鼓山區自強里,847,602,596,6,71.07%
高雄市,1508761,1092668,5,4,1,1,1,--,779911,772157,7754,72.42%,71.38%,20%,高雄市鼓山區,80422,58106,57555,551,72.25%,高雄市鼓山區龍井里,1540,1138,1124,14,73.9%
高雄市,1508761,1092668,5,4,1,1,1,--,779911,772157,7754,72.42%,71.38%,20%,高雄市鼓山區,80422,58106,57555,551,72.25%,高雄市鼓山區正德里,1752,1293,1278,15,73.8%
高雄市,1508761,1092668,5,4,1,1,1,--,779911,772157,7754,72.42%,71.38%,20%,高雄市鼓山區,80422,58106,57555,551,72.25%,高雄市鼓山區平和里,3029,2264,2245,19,74.74%
高雄市,1508761,1092668,5,4,1,1,1,--,779911,772157,7754,72.42%,71.38%,20%,高雄市鼓山區,80422,58106,57555,551,72.25%,高雄市鼓山區民強里,2856,2110,2083,27,73.88%
高雄市,1508761,1092668,5,4,1,1,1,--,779911,772157,7754,72.42%,71.38%,20%,高雄市鼓山區,80422,58106,57555,551,72.25%,高雄市鼓山區厚生里,2126,1582,1566,16,74.41%
高雄市,1508761,1092668,5,4,1,1,1,--,779911,772157,7754,72.42%,71.38%,20%,高雄市鼓山區,80422,58106,57555,551,72.25%,高雄市鼓山區龍子里,5052,3476,3442,34,68.8%
高雄市,1508761,1092668,5,4,1,1,1,--,779911,772157,7754,72.42%,71.38%,20%,高雄市鼓山區,80422,58106,57555,551,72.25%,高雄市鼓山區龍水里,1015,702,693,9,69.16%
高雄市,1508761,1092668,5,4,1,1,1,--,779911,772157,7754,72.42%,71.38%,20%,高雄市鼓山區,80422,58106,57555,551,72.25%,高雄市鼓山區明誠里,9639,6639,6596,43,68.88%
高雄市,1508761,1092668,5,4,1,1,1,--,779911,772157,7754,72.42%,71.38%,20%,高雄市鼓山區,80422,58106,57555,551,72.25%,高雄市鼓山區華豐里,3183,2341,2323,18,73.55%
高雄市,1508761,1092668,5,4,1,1,1,--,779911,772157,7754,72.42%,71.38%,20%,高雄市鼓山區,80422,58106,57555,551,72.25%,高雄市鼓山區裕興里,2957,2142,2128,14,72.44%
高雄市,1508761,1092668,5,4,1,1,1,--,779911,772157,7754,72.42%,71.38%,20%,高雄市鼓山區,80422,58106,57555,551,72.25%,高雄市鼓山區裕豐里,2309,1630,1622,8,70.59%
高雄市,1508761,1092668,5,4,1,1,1,--,779911,772157,7754,72.42%,71.38%,20%,高雄市鼓山區,80422,58106,57555,551,72.25%,高雄市鼓山區鼓岩里,1582,1147,1133,14,72.5%
高雄市,1508761,1092668,5,4,1,1,1,--,779911,772157,7754,72.42%,71.38%,20%,高雄市鼓山區,80422,58106,57555,551,72.25%,高雄市鼓山區樹德里,966,760,750,10,78.67%
高雄市,1508761,1092668,5,4,1,1,1,--,779911,772157,7754,72.42%,71.38%,20%,高雄市鼓山區,80422,58106,57555,551,72.25%,高雄市鼓山區寶樹里,1007,678,668,10,67.33%
高雄市,1508761,1092668,5,4,1,1,1,--,779911,772157,7754,72.42%,71.38%,20%,高雄市鼓山區,80422,58106,57555,551,72.25%,高雄市鼓山區興宗里,1524,1139,1124,15,74.74%
高雄市,1508761,1092668,5,4,1,1,1,--,779911,772157,7754,72.42%,71.38%,20%,高雄市鼓山區,80422,58106,57555,551,72.25%,高雄市鼓山區光化里,1581,1118,1106,12,70.71%
高雄市,1508761,1092668,5,4,1,1,1,--,779911,772157,7754,72.42%,71.38%,20%,高雄市鼓山區,80422,58106,57555,551,72.25%,高雄市鼓山區山下里,1502,1108,1100,8,73.77%
高雄市,1508761,1092668,5,4,1,1,1,--,779911,772157,7754,72.42%,71.38%,20%,高雄市鼓山區,80422,58106,57555,551,72.25%,高雄市鼓山區河邊里,1657,1233,1217,16,74.41%
高雄市,1508761,1092668,5,4,1,1,1,--,779911,772157,7754,72.42%,71.38%,20%,高雄市鼓山區,80422,58106,57555,551,72.25%,高雄市鼓山區綠川里,1662,1195,1174,21,71.9%
高雄市,1508761,1092668,5,4,1,1,1,--,779911,772157,7754,72.42%,71.38%,20%,高雄市鼓山區,80422,58106,57555,551,72.25%,高雄市鼓山區登山里,840,599,594,5,71.31%
高雄市,1508761,1092668,5,4,1,1,1,--,779911,772157,7754,72.42%,71.38%,20%,高雄市鼓山區,80422,58106,57555,551,72.25%,高雄市鼓山區峰南里,1064,754,743,11,70.86%
高雄市,1508761,1092668,5,4,1,1,1,--,779911,772157,7754,72.42%,71.38%,20%,高雄市鼓山區,80422,58106,57555,551,72.25%,高雄市鼓山區麗興里,1185,849,838,11,71.65%
高雄市,1508761,1092668,5,4,1,1,1,--,779911,772157,7754,72.42%,71.38%,20%,高雄市鼓山區,80422,58106,57555,551,72.25%,高雄市鼓山區新民里,1155,822,812,10,71.17%
高雄市,1508761,1092668,5,4,1,1,1,--,779911,772157,7754,72.42%,71.38%,20%,高雄市鼓山區,80422,58106,57555,551,72.25%,高雄市鼓山區延平里,949,683,677,6,71.97%
高雄市,1508761,1092668,5,4,1,1,1,--,779911,772157,7754,72.42%,71.38%,20%,高雄市鼓山區,80422,58106,57555,551,72.25%,高雄市鼓山區維生里,1541,1110,1095,15,72.03%
高雄市,1508761,1092668,5,4,1,1,1,--,779911,772157,7754,72.42%,71.38%,20%,高雄市鼓山區,80422,58106,57555,551,72.25%,高雄市鼓山區惠安里,1423,1006,995,11,70.7%
高雄市,1508761,1092668,5,4,1,1,1,--,779911,772157,7754,72.42%,71.38%,20%,高雄市鼓山區,80422,58106,57555,551,72.25%,高雄市鼓山區壽山里,1582,1059,1048,11,66.94%
高雄市,1508761,1092668,5,4,1,1,1,--,779911,772157,7754,72.42%,71.38%,20%,高雄市鼓山區,80422,58106,57555,551,72.25%,高雄市鼓山區哨船頭里,1215,854,847,7,70.29%
高雄市,1508761,1092668,5,4,1,1,1,--,779911,772157,7754,72.42%,71.38%,20%,高雄市鼓山區,80422,58106,57555,551,72.25%,高雄市鼓山區桃源里,639,469,466,3,73.4%
高雄市,1508761,1092668,5,4,1,1,1,--,779911,772157,7754,72.42%,71.38%,20%,高雄市左營區,123144,86424,85642,782,70.18%,高雄市左營區進學里,1779,1187,1174,13,66.72%
高雄市,1508761,1092668,5,4,1,1,1,--,779911,772157,7754,72.42%,71.38%,20%,高雄市左營區,123144,86424,85642,782,70.18%,高雄市左營區尾西里,1255,953,940,13,75.94%
高雄市,1508761,1092668,5,4,1,1,1,--,779911,772157,7754,72.42%,71.38%,20%,高雄市左營區,123144,86424,85642,782,70.18%,高雄市左營區頂北里,617,454,448,6,73.58%
高雄市,1508761,1092668,5,4,1,1,1,--,779911,772157,7754,72.42%,71.38%,20%,高雄市左營區,123144,86424,85642,782,70.18%,高雄市左營區中北里,794,623,615,8,78.46%
高雄市,1508761,1092668,5,4,1,1,1,--,779911,772157,7754,72.42%,71.38%,20%,高雄市左營區,123144,86424,85642,782,70.18%,高雄市左營區中南里,566,423,419,4,74.73%
高雄市,1508761,1092668,5,4,1,1,1,--,779911,772157,7754,72.42%,71.38%,20%,高雄市左營區,123144,86424,85642,782,70.18%,高雄市左營區廟東里,920,712,704,8,77.39%
高雄市,1508761,1092668,5,4,1,1,1,--,779911,772157,7754,72.42%,71.38%,20%,高雄市左營區,123144,86424,85642,782,70.18%,高雄市左營區廟北里,1048,799,793,6,76.24%
高雄市,1508761,1092668,5,4,1,1,1,--,779911,772157,7754,72.42%,71.38%,20%,高雄市左營區,123144,86424,85642,782,70.18%,高雄市左營區尾南里,1015,756,743,13,74.48%
高雄市,1508761,1092668,5,4,1,1,1,--,779911,772157,7754,72.42%,71.38%,20%,高雄市左營區,123144,86424,85642,782,70.18%,高雄市左營區尾北里,2942,2170,2152,18,73.76%
高雄市,1508761,1092668,5,4,1,1,1,--,779911,772157,7754,72.42%,71.38%,20%,高雄市左營區,123144,86424,85642,782,70.18%,高雄市左營區屏山里,1498,1102,1090,12,73.56%
高雄市,1508761,1092668,5,4,1,1,1,--,779911,772157,7754,72.42%,71.38%,20%,高雄市左營區,123144,86424,85642,782,70.18%,高雄市左營區祥和里,647,497,485,12,76.82%
高雄市,1508761,1092668,5,4,1,1,1,--,779911,772157,7754,72.42%,71.38%,20%,高雄市左營區,123144,86424,85642,782,70.18%,高雄市左營區永清里,2150,1561,1546,15,72.6%
高雄市,1508761,1092668,5,4,1,1,1,--,779911,772157,7754,72.42%,71.38%,20%,高雄市左營區,123144,86424,85642,782,70.18%,高雄市左營區復興里,1238,942,935,7,76.09%
高雄市,1508761,1092668,5,4,1,1,1,--,779911,772157,7754,72.42%,71.38%,20%,高雄市左營區,123144,86424,85642,782,70.18%,高雄市左營區莒光里,1713,1251,1242,9,73.03%
高雄市,1508761,1092668,5,4,1,1,1,--,779911,772157,7754,72.42%,71.38%,20%,高雄市左營區,123144,86424,85642,782,70.18%,高雄市左營區光輝里,2513,1813,1796,17,72.14%
高雄市,1508761,1092668,5,4,1,1,1,--,779911,772157,7754,72.42%,71.38%,20%,高雄市左營區,123144,86424,85642,782,70.18%,高雄市左營區合群里,1311,969,963,6,73.91%
高雄市,1508761,1092668,5,4,1,1,1,--,779911,772157,7754,72.42%,71.38%,20%,高雄市左營區,123144,86424,85642,782,70.18%,高雄市左營區自治里,1761,1298,1291,7,73.71%
高雄市,1508761,1092668,5,4,1,1,1,--,779911,772157,7754,72.42%,71.38%,20%,高雄市左營區,123144,86424,85642,782,70.18%,高雄市左營區明建里,1481,1049,1040,9,70.83%
高雄市,1508761,1092668,5,4,1,1,1,--,779911,772157,7754,72.42%,71.38%,20%,高雄市左營區,123144,86424,85642,782,70.18%,高雄市左營區自立里,940,720,709,11,76.6%
高雄市,1508761,1092668,5,4,1,1,1,--,779911,772157,7754,72.42%,71.38%,20%,高雄市左營區,123144,86424,85642,782,70.18%,高雄市左營區頂西里,1202,941,934,7,78.29%
高雄市,1508761,1092668,5,4,1,1,1,--,779911,772157,7754,72.42%,71.38%,20%,高雄市左營區,123144,86424,85642,782,70.18%,高雄市左營區聖后里,990,740,736,4,74.75%
高雄市,1508761,1092668,5,4,1,1,1,--,779911,772157,7754,72.42%,71.38%,20%,高雄市左營區,123144,86424,85642,782,70.18%,高雄市左營區聖西里,450,357,354,3,79.33%
高雄市,1508761,1092668,5,4,1,1,1,--,779911,772157,7754,72.42%,71.38%,20%,高雄市左營區,123144,86424,85642,782,70.18%,高雄市左營區聖南里,582,409,405,4,70.27%
高雄市,1508761,1092668,5,4,1,1,1,--,779911,772157,7754,72.42%,71.38%,20%,高雄市左營區,123144,86424,85642,782,70.18%,高雄市左營區城南里,589,431,427,4,73.17%
高雄市,1508761,1092668,5,4,1,1,1,--,779911,772157,7754,72.42%,71.38%,20%,高雄市左營區,123144,86424,85642,782,70.18%,高雄市左營區路東里,788,607,602,5,77.03%
高雄市,1508761,1092668,5,4,1,1,1,--,779911,772157,7754,72.42%,71.38%,20%,高雄市左營區,123144,86424,85642,782,70.18%,高雄市左營區部北里,545,409,403,6,75.05%
高雄市,1508761,1092668,5,4,1,1,1,--,779911,772157,7754,72.42%,71.38%,20%,高雄市左營區,123144,86424,85642,782,70.18%,高雄市左營區部南里,774,596,589,7,77%
高雄市,1508761,1092668,5,4,1,1,1,--,779911,772157,7754,72.42%,71.38%,20%,高雄市左營區,123144,86424,85642,782,70.18%,高雄市左營區埤西里,1112,855,848,7,76.89%
高雄市,1508761,1092668,5,4,1,1,1,--,779911,772157,7754,72.42%,71.38%,20%,高雄市左營區,123144,86424,85642,782,70.18%,高雄市左營區埤北里,1419,984,971,13,69.34%
高雄市,1508761,1092668,5,4,1,1,1,--,779911,772157,7754,72.42%,71.38%,20%,高雄市左營區,123144,86424,85642,782,70.18%,高雄市左營區埤東里,1214,891,880,11,73.39%
高雄市,1508761,1092668,5,4,1,1,1,--,779911,772157,7754,72.42%,71.38%,20%,高雄市左營區,123144,86424,85642,782,70.18%,高雄市左營區海勝里,3388,2537,2515,22,74.88%
高雄市,1508761,1092668,5,4,1,1,1,--,779911,772157,7754,72.42%,71.38%,20%,高雄市左營區,123144,86424,85642,782,70.18%,高雄市左營區自勉里,1679,1247,1226,21,74.27%
高雄市,1508761,1092668,5,4,1,1,1,--,779911,772157,7754,72.42%,71.38%,20%,高雄市左營區,123144,86424,85642,782,70.18%,高雄市左營區崇實里,1095,811,801,10,74.06%
高雄市,1508761,1092668,5,4,1,1,1,--,779911,772157,7754,72.42%,71.38%,20%,高雄市左營區,123144,86424,85642,782,70.18%,高雄市左營區自助里,2324,1709,1698,11,73.54%
高雄市,1508761,1092668,5,4,1,1,1,--,779911,772157,7754,72.42%,71.38%,20%,高雄市左營區,123144,86424,85642,782,70.18%,高雄市左營區果貿里,1932,1451,1441,10,75.1%
高雄市,1508761,1092668,5,4,1,1,1,--,779911,772157,7754,72.42%,71.38%,20%,高雄市左營區,123144,86424,85642,782,70.18%,高雄市左營區果惠里,1583,1102,1089,13,69.61%
高雄市,1508761,1092668,5,4,1,1,1,--,779911,772157,7754,72.42%,71.38%,20%,高雄市左營區,123144,86424,85642,782,70.18%,高雄市左營區果峰里,1781,1283,1277,6,72.04%
高雄市,1508761,1092668,5,4,1,1,1,--,779911,772157,7754,72.42%,71.38%,20%,高雄市左營區,123144,86424,85642,782,70.18%,高雄市左營區新下里,9202,6532,6473,59,70.98%
高雄市,1508761,1092668,5,4,1,1,1,--,779911,772157,7754,72.42%,71.38%,20%,高雄市左營區,123144,86424,85642,782,70.18%,高雄市左營區新上里,17599,11844,11750,94,67.3%
高雄市,1508761,1092668,5,4,1,1,1,--,779911,772157,7754,72.42%,71.38%,20%,高雄市左營區,123144,86424,85642,782,70.18%,高雄市左營區新中里,4314,3056,3027,29,70.84%
高雄市,1508761,1092668,5,4,1,1,1,--,779911,772157,7754,72.42%,71.38%,20%,高雄市左營區,123144,86424,85642,782,70.18%,高雄市左營區新光里,8415,5867,5814,53,69.72%
高雄市,1508761,1092668,5,4,1,1,1,--,779911,772157,7754,72.42%,71.38%,20%,高雄市左營區,123144,86424,85642,782,70.18%,高雄市左營區菜公里,15210,10386,10300,86,68.28%
高雄市,1508761,1092668,5,4,1,1,1,--,779911,772157,7754,72.42%,71.38%,20%,高雄市左營區,123144,86424,85642,782,70.18%,高雄市左營區福山里,18769,12100,11997,103,64.47%
高雄市,1508761,1092668,5,4,1,1,1,--,779911,772157,7754,72.42%,71.38%,20%,高雄市楠梓區,108258,77771,77071,700,71.84%,高雄市楠梓區清豐里,8018,5571,5518,53,69.48%
高雄市,1508761,1092668,5,4,1,1,1,--,779911,772157,7754,72.42%,71.38%,20%,高雄市楠梓區,108258,77771,77071,700,71.84%,高雄市楠梓區東寧里,2368,1670,1653,17,70.52%
高雄市,1508761,1092668,5,4,1,1,1,--,779911,772157,7754,72.42%,71.38%,20%,高雄市楠梓區,108258,77771,77071,700,71.84%,高雄市楠梓區五常里,4110,2757,2737,20,67.08%
高雄市,1508761,1092668,5,4,1,1,1,--,779911,772157,7754,72.42%,71.38%,20%,高雄市楠梓區,108258,77771,77071,700,71.84%,高雄市楠梓區享平里,2670,1884,1870,14,70.56%
高雄市,1508761,1092668,5,4,1,1,1,--,779911,772157,7754,72.42%,71.38%,20%,高雄市楠梓區,108258,77771,77071,700,71.84%,高雄市楠梓區中陽里,2650,1897,1886,11,71.58%
高雄市,1508761,1092668,5,4,1,1,1,--,779911,772157,7754,72.42%,71.38%,20%,高雄市楠梓區,108258,77771,77071,700,71.84%,高雄市楠梓區惠楠里,2456,1578,1565,13,64.25%
高雄市,1508761,1092668,5,4,1,1,1,--,779911,772157,7754,72.42%,71.38%,20%,高雄市楠梓區,108258,77771,77071,700,71.84%,高雄市楠梓區惠民里,3189,2276,2249,27,71.37%
高雄市,1508761,1092668,5,4,1,1,1,--,779911,772157,7754,72.42%,71.38%,20%,高雄市楠梓區,108258,77771,77071,700,71.84%,高雄市楠梓區惠豐里,2533,1768,1756,12,69.8%
高雄市,1508761,1092668,5,4,1,1,1,--,779911,772157,7754,72.42%,71.38%,20%,高雄市楠梓區,108258,77771,77071,700,71.84%,高雄市楠梓區錦屏里,3398,2542,2517,25,74.81%
高雄市,1508761,1092668,5,4,1,1,1,--,779911,772157,7754,72.42%,71.38%,20%,高雄市楠梓區,108258,77771,77071,700,71.84%,高雄市楠梓區玉屏里,2309,1804,1787,17,78.13%
高雄市,1508761,1092668,5,4,1,1,1,--,779911,772157,7754,72.42%,71.38%,20%,高雄市楠梓區,108258,77771,77071,700,71.84%,高雄市楠梓區金田里,3152,2313,2288,25,73.38%
高雄市,1508761,1092668,5,4,1,1,1,--,779911,772157,7754,72.42%,71.38%,20%,高雄市楠梓區,108258,77771,77071,700,71.84%,高雄市楠梓區稔田里,1621,1201,1191,10,74.09%
高雄市,1508761,1092668,5,4,1,1,1,--,779911,772157,7754,72.42%,71.38%,20%,高雄市楠梓區,108258,77771,77071,700,71.84%,高雄市楠梓區瑞屏里,3093,2222,2195,27,71.84%
高雄市,1508761,1092668,5,4,1,1,1,--,779911,772157,7754,72.42%,71.38%,20%,高雄市楠梓區,108258,77771,77071,700,71.84%,高雄市楠梓區翠屏里,10680,7189,7139,50,67.31%
高雄市,1508761,1092668,5,4,1,1,1,--,779911,772157,7754,72.42%,71.38%,20%,高雄市楠梓區,108258,77771,77071,700,71.84%,高雄市楠梓區宏南里,1659,1178,1164,14,71.01%
高雄市,1508761,1092668,5,4,1,1,1,--,779911,772157,7754,72.42%,71.38%,20%,高雄市楠梓區,108258,77771,77071,700,71.84%,高雄市楠梓區宏毅里,2817,2147,2135,12,76.22%
高雄市,1508761,1092668,5,4,1,1,1,--,779911,772157,7754,72.42%,71.38%,20%,高雄市楠梓區,108258,77771,77071,700,71.84%,高雄市楠梓區宏榮里,2122,1619,1602,17,76.3%
高雄市,1508761,1092668,5,4,1,1,1,--,779911,772157,7754,72.42%,71.38%,20%,高雄市楠梓區,108258,77771,77071,700,71.84%,高雄市楠梓區廣昌里,3028,2290,2267,23,75.63%
高雄市,1508761,1092668,5,4,1,1,1,--,779911,772157,7754,72.42%,71.38%,20%,高雄市楠梓區,108258,77771,77071,700,71.84%,高雄市楠梓區久昌里,2182,1514,1499,15,69.39%
高雄市,1508761,1092668,5,4,1,1,1,--,779911,772157,7754,72.42%,71.38%,20%,高雄市楠梓區,108258,77771,77071,700,71.84%,高雄市楠梓區大昌里,1997,1506,1487,19,75.41%
高雄市,1508761,1092668,5,4,1,1,1,--,779911,772157,7754,72.42%,71.38%,20%,高雄市楠梓區,108258,77771,77071,700,71.84%,高雄市楠梓區福昌里,2084,1571,1551,20,75.38%
高雄市,1508761,1092668,5,4,1,1,1,--,779911,772157,7754,72.42%,71.38%,20%,高雄市楠梓區,108258,77771,77071,700,71.84%,高雄市楠梓區盛昌里,3576,2699,2678,21,75.48%
高雄市,1508761,1092668,5,4,1,1,1,--,779911,772157,7754,72.42%,71.38%,20%,高雄市楠梓區,108258,77771,77071,700,71.84%,高雄市楠梓區泰昌里,1538,1169,1156,13,76.01%
高雄市,1508761,1092668,5,4,1,1,1,--,779911,772157,7754,72.42%,71.38%,20%,高雄市楠梓區,108258,77771,77071,700,71.84%,高雄市楠梓區興昌里,2772,2055,2035,20,74.13%
高雄市,1508761,1092668,5,4,1,1,1,--,779911,772157,7754,72.42%,71.38%,20%,高雄市楠梓區,108258,77771,77071,700,71.84%,高雄市楠梓區建昌里,2202,1588,1573,15,72.12%
高雄市,1508761,1092668,5,4,1,1,1,--,779911,772157,7754,72.42%,71.38%,20%,高雄市楠梓區,108258,77771,77071,700,71.84%,高雄市楠梓區宏昌里,2218,1577,1558,19,71.1%
高雄市,1508761,1092668,5,4,1,1,1,--,779911,772157,7754,72.42%,71.38%,20%,高雄市楠梓區,108258,77771,77071,700,71.84%,高雄市楠梓區和昌里,2089,1568,1552,16,75.06%
高雄市,1508761,1092668,5,4,1,1,1,--,779911,772157,7754,72.42%,71.38%,20%,高雄市楠梓區,108258,77771,77071,700,71.84%,高雄市楠梓區慶昌里,2999,2197,2184,13,73.26%
高雄市,1508761,1092668,5,4,1,1,1,--,779911,772157,7754,72.42%,71.38%,20%,高雄市楠梓區,108258,77771,77071,700,71.84%,高雄市楠梓區隆昌里,3231,2370,2351,19,73.35%
高雄市,1508761,1092668,5,4,1,1,1,--,779911,772157,7754,72.42%,71.38%,20%,高雄市楠梓區,108258,77771,77071,700,71.84%,高雄市楠梓區秀昌里,1974,1409,1396,13,71.38%
高雄市,1508761,1092668,5,4,1,1,1,--,779911,772157,7754,72.42%,71.38%,20%,高雄市楠梓區,108258,77771,77071,700,71.84%,高雄市楠梓區裕昌里,2517,1885,1864,21,74.89%
高雄市,1508761,1092668,5,4,1,1,1,--,779911,772157,7754,72.42%,71.38%,20%,高雄市楠梓區,108258,77771,77071,700,71.84%,高雄市楠梓區國昌里,2909,2081,2057,24,71.54%
高雄市,1508761,1092668,5,4,1,1,1,--,779911,772157,7754,72.42%,71.38%,20%,高雄市楠梓區,108258,77771,77071,700,71.84%,高雄市楠梓區加昌里,5532,3939,3906,33,71.2%
高雄市,1508761,1092668,5,4,1,1,1,--,779911,772157,7754,72.42%,71.38%,20%,高雄市楠梓區,108258,77771,77071,700,71.84%,高雄市楠梓區仁昌里,3336,2294,2279,15,68.76%
高雄市,1508761,1092668,5,4,1,1,1,--,779911,772157,7754,72.42%,71.38%,20%,高雄市楠梓區,108258,77771,77071,700,71.84%,高雄市楠梓區藍田里,899,690,688,2,76.75%
高雄市,1508761,1092668,5,4,1,1,1,--,779911,772157,7754,72.42%,71.38%,20%,高雄市楠梓區,108258,77771,77071,700,71.84%,高雄市楠梓區中興里,884,666,663,3,75.34%
高雄市,1508761,1092668,5,4,1,1,1,--,779911,772157,7754,72.42%,71.38%,20%,高雄市楠梓區,108258,77771,77071,700,71.84%,高雄市楠梓區中和里,1446,1087,1075,12,75.17%
高雄市,1508761,1092668,5,4,1,1,1,--,779911,772157,7754,72.42%,71.38%,20%,高雄市三民區,257443,180524,178965,1559,70.12%,高雄市三民區鼎金里,2926,2040,2022,18,69.72%
高雄市,1508761,1092668,5,4,1,1,1,--,779911,772157,7754,72.42%,71.38%,20%,高雄市三民區,257443,180524,178965,1559,70.12%,高雄市三民區鼎盛里,5668,4000,3980,20,70.57%
高雄市,1508761,1092668,5,4,1,1,1,--,779911,772157,7754,72.42%,71.38%,20%,高雄市三民區,257443,180524,178965,1559,70.12%,高雄市三民區鼎強里,3418,2445,2412,33,71.53%
高雄市,1508761,1092668,5,4,1,1,1,--,779911,772157,7754,72.42%,71.38%,20%,高雄市三民區,257443,180524,178965,1559,70.12%,高雄市三民區鼎力里,3348,2368,2346,22,70.73%
高雄市,1508761,1092668,5,4,1,1,1,--,779911,772157,7754,72.42%,71.38%,20%,高雄市三民區,257443,180524,178965,1559,70.12%,高雄市三民區鼎西里,5018,3528,3485,43,70.31%
高雄市,1508761,1092668,5,4,1,1,1,--,779911,772157,7754,72.42%,71.38%,20%,高雄市三民區,257443,180524,178965,1559,70.12%,高雄市三民區鼎中里,2933,2223,2202,21,75.79%
高雄市,1508761,1092668,5,4,1,1,1,--,779911,772157,7754,72.42%,71.38%,20%,高雄市三民區,257443,180524,178965,1559,70.12%,高雄市三民區鼎泰里,15795,10750,10673,77,68.06%
高雄市,1508761,1092668,5,4,1,1,1,--,779911,772157,7754,72.42%,71.38%,20%,高雄市三民區,257443,180524,178965,1559,70.12%,高雄市三民區本館里,7120,5072,5010,62,71.24%
高雄市,1508761,1092668,5,4,1,1,1,--,779911,772157,7754,72.42%,71.38%,20%,高雄市三民區,257443,180524,178965,1559,70.12%,高雄市三民區本和里,5568,3927,3892,35,70.53%
高雄市,1508761,1092668,5,4,1,1,1,--,779911,772157,7754,72.42%,71.38%,20%,高雄市三民區,257443,180524,178965,1559,70.12%,高雄市三民區本文里,2016,1516,1507,9,75.2%
高雄市,1508761,1092668,5,4,1,1,1,--,779911,772157,7754,72.42%,71.38%,20%,高雄市三民區,257443,180524,178965,1559,70.12%,高雄市三民區本武里,1489,1079,1070,9,72.46%
高雄市,1508761,1092668,5,4,1,1,1,--,779911,772157,7754,72.42%,71.38%,20%,高雄市三民區,257443,180524,178965,1559,70.12%,高雄市三民區本元里,4233,3045,3025,20,71.93%
高雄市,1508761,1092668,5,4,1,1,1,--,779911,772157,7754,72.42%,71.38%,20%,高雄市三民區,257443,180524,178965,1559,70.12%,高雄市三民區本安里,3515,2494,2475,19,70.95%
高雄市,1508761,1092668,5,4,1,1,1,--,779911,772157,7754,72.42%,71.38%,20%,高雄市三民區,257443,180524,178965,1559,70.12%,高雄市三民區本上里,3868,2684,2671,13,69.39%
高雄市,1508761,1092668,5,4,1,1,1,--,779911,772157,7754,72.42%,71.38%,20%,高雄市三民區,257443,180524,178965,1559,70.12%,高雄市三民區本揚里,6122,4200,4179,21,68.61%
高雄市,1508761,1092668,5,4,1,1,1,--,779911,772157,7754,72.42%,71.38%,20%,高雄市三民區,257443,180524,178965,1559,70.12%,高雄市三民區寶獅里,3368,2236,2219,17,66.39%
高雄市,1508761,1092668,5,4,1,1,1,--,779911,772157,7754,72.42%,71.38%,20%,高雄市三民區,257443,180524,178965,1559,70.12%,高雄市三民區寶德里,4344,2922,2900,22,67.27%
高雄市,1508761,1092668,5,4,1,1,1,--,779911,772157,7754,72.42%,71.38%,20%,高雄市三民區,257443,180524,178965,1559,70.12%,高雄市三民區寶泰里,2931,1973,1953,20,67.31%
高雄市,1508761,1092668,5,4,1,1,1,--,779911,772157,7754,72.42%,71.38%,20%,高雄市三民區,257443,180524,178965,1559,70.12%,高雄市三民區寶興里,5092,3516,3477,39,69.05%
高雄市,1508761,1092668,5,4,1,1,1,--,779911,772157,7754,72.42%,71.38%,20%,高雄市三民區,257443,180524,178965,1559,70.12%,高雄市三民區寶中里,2596,1922,1906,16,74.04%
高雄市,1508761,1092668,5,4,1,1,1,--,779911,772157,7754,72.42%,71.38%,20%,高雄市三民區,257443,180524,178965,1559,70.12%,高雄市三民區寶華里,2654,1844,1827,17,69.48%
高雄市,1508761,1092668,5,4,1,1,1,--,779911,772157,7754,72.42%,71.38%,20%,高雄市三民區,257443,180524,178965,1559,70.12%,高雄市三民區寶國里,5970,4060,4030,30,68.01%
高雄市,1508761,1092668,5,4,1,1,1,--,779911,772157,7754,72.42%,71.38%,20%,高雄市三民區,257443,180524,178965,1559,70.12%,高雄市三民區寶民里,2527,1749,1730,19,69.21%
高雄市,1508761,1092668,5,4,1,1,1,--,779911,772157,7754,72.42%,71.38%,20%,高雄市三民區,257443,180524,178965,1559,70.12%,高雄市三民區寶慶里,2375,1611,1592,19,67.83%
高雄市,1508761,1092668,5,4,1,1,1,--,779911,772157,7754,72.42%,71.38%,20%,高雄市三民區,257443,180524,178965,1559,70.12%,高雄市三民區寶業里,3904,2602,2577,25,66.65%
高雄市,1508761,1092668,5,4,1,1,1,--,779911,772157,7754,72.42%,71.38%,20%,高雄市三民區,257443,180524,178965,1559,70.12%,高雄市三民區寶盛里,3839,2674,2654,20,69.65%
高雄市,1508761,1092668,5,4,1,1,1,--,779911,772157,7754,72.42%,71.38%,20%,高雄市三民區,257443,180524,178965,1559,70.12%,高雄市三民區寶安里,5677,3760,3727,33,66.23%
高雄市,1508761,1092668,5,4,1,1,1,--,779911,772157,7754,72.42%,71.38%,20%,高雄市三民區,257443,180524,178965,1559,70.12%,高雄市三民區寶龍里,3860,2713,2693,20,70.28%
高雄市,1508761,1092668,5,4,1,1,1,--,779911,772157,7754,72.42%,71.38%,20%,高雄市三民區,257443,180524,178965,1559,70.12%,高雄市三民區寶珠里,4654,3215,3175,40,69.08%
高雄市,1508761,1092668,5,4,1,1,1,--,779911,772157,7754,72.42%,71.38%,20%,高雄市三民區,257443,180524,178965,1559,70.12%,高雄市三民區寶玉里,6503,4443,4411,32,68.32%
高雄市,1508761,1092668,5,4,1,1,1,--,779911,772157,7754,72.42%,71.38%,20%,高雄市三民區,257443,180524,178965,1559,70.12%,高雄市三民區灣子里,2917,1934,1919,15,66.3%
高雄市,1508761,1092668,5,4,1,1,1,--,779911,772157,7754,72.42%,71.38%,20%,高雄市三民區,257443,180524,178965,1559,70.12%,高雄市三民區灣愛里,2836,1943,1914,29,68.51%
高雄市,1508761,1092668,5,4,1,1,1,--,779911,772157,7754,72.42%,71.38%,20%,高雄市三民區,257443,180524,178965,1559,70.12%,高雄市三民區灣中里,4030,2791,2763,28,69.26%
高雄市,1508761,1092668,5,4,1,1,1,--,779911,772157,7754,72.42%,71.38%,20%,高雄市三民區,257443,180524,178965,1559,70.12%,高雄市三民區灣華里,2495,1762,1746,16,70.62%
高雄市,1508761,1092668,5,4,1,1,1,--,779911,772157,7754,72.42%,71.38%,20%,高雄市三民區,257443,180524,178965,1559,70.12%,高雄市三民區灣勝里,2015,1475,1458,17,73.2%
高雄市,1508761,1092668,5,4,1,1,1,--,779911,772157,7754,72.42%,71.38%,20%,高雄市三民區,257443,180524,178965,1559,70.12%,高雄市三民區灣利里,3288,2353,2327,26,71.56%
高雄市,1508761,1092668,5,4,1,1,1,--,779911,772157,7754,72.42%,71.38%,20%,高雄市三民區,257443,180524,178965,1559,70.12%,高雄市三民區灣復里,2895,1927,1907,20,66.56%
高雄市,1508761,1092668,5,4,1,1,1,--,779911,772157,7754,72.42%,71.38%,20%,高雄市三民區,257443,180524,178965,1559,70.12%,高雄市三民區正興里,8443,5675,5637,38,67.22%
高雄市,1508761,1092668,5,4,1,1,1,--,779911,772157,7754,72.42%,71.38%,20%,高雄市三民區,257443,180524,178965,1559,70.12%,高雄市三民區正順里,3180,2224,2211,13,69.94%
高雄市,1508761,1092668,5,4,1,1,1,--,779911,772157,7754,72.42%,71.38%,20%,高雄市三民區,257443,180524,178965,1559,70.12%,高雄市三民區灣興里,1547,1088,1081,7,70.33%
高雄市,1508761,1092668,5,4,1,1,1,--,779911,772157,7754,72.42%,71.38%,20%,高雄市三民區,257443,180524,178965,1559,70.12%,高雄市三民區灣成里,1841,1311,1303,8,71.21%
高雄市,1508761,1092668,5,4,1,1,1,--,779911,772157,7754,72.42%,71.38%,20%,高雄市三民區,257443,180524,178965,1559,70.12%,高雄市三民區安康里,2977,2020,1999,21,67.85%
高雄市,1508761,1092668,5,4,1,1,1,--,779911,772157,7754,72.42%,71.38%,20%,高雄市三民區,257443,180524,178965,1559,70.12%,高雄市三民區安寧里,2092,1510,1492,18,72.18%
高雄市,1508761,1092668,5,4,1,1,1,--,779911,772157,7754,72.42%,71.38%,20%,高雄市三民區,257443,180524,178965,1559,70.12%,高雄市三民區安吉里,3962,2619,2599,20,66.1%
高雄市,1508761,1092668,5,4,1,1,1,--,779911,772157,7754,72.42%,71.38%,20%,高雄市三民區,257443,180524,178965,1559,70.12%,高雄市三民區安發里,4007,2793,2767,26,69.7%
高雄市,1508761,1092668,5,4,1,1,1,--,779911,772157,7754,72.42%,71.38%,20%,高雄市三民區,257443,180524,178965,1559,70.12%,高雄市三民區安東里,3154,2286,2265,21,72.48%
高雄市,1508761,1092668,5,4,1,1,1,--,779911,772157,7754,72.42%,71.38%,20%,高雄市三民區,257443,180524,178965,1559,70.12%,高雄市三民區安和里,2665,1915,1902,13,71.86%
高雄市,1508761,1092668,5,4,1,1,1,--,779911,772157,7754,72.42%,71.38%,20%,高雄市三民區,257443,180524,178965,1559,70.12%,高雄市三民區達德里,1477,1123,1116,7,76.03%
高雄市,1508761,1092668,5,4,1,1,1,--,779911,772157,7754,72.42%,71.38%,20%,高雄市三民區,257443,180524,178965,1559,70.12%,高雄市三民區達明里,1684,1251,1237,14,74.29%
高雄市,1508761,1092668,5,4,1,1,1,--,779911,772157,7754,72.42%,71.38%,20%,高雄市三民區,257443,180524,178965,1559,70.12%,高雄市三民區達仁里,1450,1056,1054,2,72.83%
高雄市,1508761,1092668,5,4,1,1,1,--,779911,772157,7754,72.42%,71.38%,20%,高雄市三民區,257443,180524,178965,1559,70.12%,高雄市三民區達勇里,1059,752,746,6,71.01%
高雄市,1508761,1092668,5,4,1,1,1,--,779911,772157,7754,72.42%,71.38%,20%,高雄市三民區,257443,180524,178965,1559,70.12%,高雄市三民區同德里,2750,1895,1882,13,68.91%
高雄市,1508761,1092668,5,4,1,1,1,--,779911,772157,7754,72.42%,71.38%,20%,高雄市三民區,257443,180524,178965,1559,70.12%,高雄市三民區德智里,2449,1776,1760,16,72.52%
高雄市,1508761,1092668,5,4,1,1,1,--,779911,772157,7754,72.42%,71.38%,20%,高雄市三民區,257443,180524,178965,1559,70.12%,高雄市三民區德仁里,1954,1328,1318,10,67.96%
高雄市,1508761,1092668,5,4,1,1,1,--,779911,772157,7754,72.42%,71.38%,20%,高雄市三民區,257443,180524,178965,1559,70.12%,高雄市三民區安生里,1726,1246,1230,16,72.19%
高雄市,1508761,1092668,5,4,1,1,1,--,779911,772157,7754,72.42%,71.38%,20%,高雄市三民區,257443,180524,178965,1559,70.12%,高雄市三民區德東里,874,671,661,10,76.77%
高雄市,1508761,1092668,5,4,1,1,1,--,779911,772157,7754,72.42%,71.38%,20%,高雄市三民區,257443,180524,178965,1559,70.12%,高雄市三民區德行里,1112,801,789,12,72.03%
高雄市,1508761,1092668,5,4,1,1,1,--,779911,772157,7754,72.42%,71.38%,20%,高雄市三民區,257443,180524,178965,1559,70.12%,高雄市三民區精華里,1619,1210,1204,6,74.74%
高雄市,1508761,1092668,5,4,1,1,1,--,779911,772157,7754,72.42%,71.38%,20%,高雄市三民區,257443,180524,178965,1559,70.12%,高雄市三民區民享里,2080,1651,1636,15,79.38%
高雄市,1508761,1092668,5,4,1,1,1,--,779911,772157,7754,72.42%,71.38%,20%,高雄市三民區,257443,180524,178965,1559,70.12%,高雄市三民區安宜里,3251,2444,2413,31,75.18%
高雄市,1508761,1092668,5,4,1,1,1,--,779911,772157,7754,72.42%,71.38%,20%,高雄市三民區,257443,180524,178965,1559,70.12%,高雄市三民區安泰里,3965,2842,2825,17,71.68%
高雄市,1508761,1092668,5,4,1,1,1,--,779911,772157,7754,72.42%,71.38%,20%,高雄市三民區,257443,180524,178965,1559,70.12%,高雄市三民區安邦里,3976,2564,2549,15,64.49%
高雄市,1508761,1092668,5,4,1,1,1,--,779911,772157,7754,72.42%,71.38%,20%,高雄市三民區,257443,180524,178965,1559,70.12%,高雄市三民區十全里,1583,1182,1174,8,74.67%
高雄市,1508761,1092668,5,4,1,1,1,--,779911,772157,7754,72.42%,71.38%,20%,高雄市三民區,257443,180524,178965,1559,70.12%,高雄市三民區十美里,1900,1406,1402,4,74%
高雄市,1508761,1092668,5,4,1,1,1,--,779911,772157,7754,72.42%,71.38%,20%,高雄市三民區,257443,180524,178965,1559,70.12%,高雄市三民區德北里,2069,1475,1467,8,71.29%
高雄市,1508761,1092668,5,4,1,1,1,--,779911,772157,7754,72.42%,71.38%,20%,高雄市三民區,257443,180524,178965,1559,70.12%,高雄市三民區立誠里,976,737,730,7,75.51%
高雄市,1508761,1092668,5,4,1,1,1,--,779911,772157,7754,72.42%,71.38%,20%,高雄市三民區,257443,180524,178965,1559,70.12%,高雄市三民區立業里,1178,852,843,9,72.33%
高雄市,1508761,1092668,5,4,1,1,1,--,779911,772157,7754,72.42%,71.38%,20%,高雄市三民區,257443,180524,178965,1559,70.12%,高雄市三民區港東里,1405,918,910,8,65.34%
高雄市,1508761,1092668,5,4,1,1,1,--,779911,772157,7754,72.42%,71.38%,20%,高雄市三民區,257443,180524,178965,1559,70.12%,高雄市三民區港新里,1425,978,972,6,68.63%
高雄市,1508761,1092668,5,4,1,1,1,--,779911,772157,7754,72.42%,71.38%,20%,高雄市三民區,257443,180524,178965,1559,70.12%,高雄市三民區港西里,840,565,562,3,67.26%
高雄市,1508761,1092668,5,4,1,1,1,--,779911,772157,7754,72.42%,71.38%,20%,高雄市三民區,257443,180524,178965,1559,70.12%,高雄市三民區港北里,454,338,336,2,74.45%
高雄市,1508761,1092668,5,4,1,1,1,--,779911,772157,7754,72.42%,71.38%,20%,高雄市三民區,257443,180524,178965,1559,70.12%,高雄市三民區博愛里,1177,802,801,1,68.14%
高雄市,1508761,1092668,5,4,1,1,1,--,779911,772157,7754,72.42%,71.38%,20%,高雄市三民區,257443,180524,178965,1559,70.12%,高雄市三民區博惠里,3977,2814,2789,25,70.76%
高雄市,1508761,1092668,5,4,1,1,1,--,779911,772157,7754,72.42%,71.38%,20%,高雄市三民區,257443,180524,178965,1559,70.12%,高雄市三民區長明里,1162,827,819,8,71.17%
高雄市,1508761,1092668,5,4,1,1,1,--,779911,772157,7754,72.42%,71.38%,20%,高雄市三民區,257443,180524,178965,1559,70.12%,高雄市三民區建東里,1091,666,659,7,61.04%
高雄市,1508761,1092668,5,4,1,1,1,--,779911,772157,7754,72.42%,71.38%,20%,高雄市三民區,257443,180524,178965,1559,70.12%,高雄市三民區興德里,1575,1085,1075,10,68.89%
高雄市,1508761,1092668,5,4,1,1,1,--,779911,772157,7754,72.42%,71.38%,20%,高雄市三民區,257443,180524,178965,1559,70.12%,高雄市三民區鳳南里,1148,888,882,6,77.35%
高雄市,1508761,1092668,5,4,1,1,1,--,779911,772157,7754,72.42%,71.38%,20%,高雄市三民區,257443,180524,178965,1559,70.12%,高雄市三民區鳳北里,1988,1502,1490,12,75.55%
高雄市,1508761,1092668,5,4,1,1,1,--,779911,772157,7754,72.42%,71.38%,20%,高雄市三民區,257443,180524,178965,1559,70.12%,高雄市三民區德西里,1254,921,911,10,73.44%
高雄市,1508761,1092668,5,4,1,1,1,--,779911,772157,7754,72.42%,71.38%,20%,高雄市三民區,257443,180524,178965,1559,70.12%,高雄市三民區九如里,432,304,302,2,70.37%
高雄市,1508761,1092668,5,4,1,1,1,--,779911,772157,7754,72.42%,71.38%,20%,高雄市三民區,257443,180524,178965,1559,70.12%,高雄市三民區豐裕里,2676,1939,1919,20,72.46%
高雄市,1508761,1092668,5,4,1,1,1,--,779911,772157,7754,72.42%,71.38%,20%,高雄市三民區,257443,180524,178965,1559,70.12%,高雄市三民區川東里,1927,1453,1430,23,75.4%
高雄市,1508761,1092668,5,4,1,1,1,--,779911,772157,7754,72.42%,71.38%,20%,高雄市三民區,257443,180524,178965,1559,70.12%,高雄市三民區裕民里,777,597,590,7,76.83%
高雄市,1508761,1092668,5,4,1,1,1,--,779911,772157,7754,72.42%,71.38%,20%,高雄市三民區,257443,180524,178965,1559,70.12%,高雄市三民區力行里,1149,911,902,9,79.29%
高雄市,1508761,1092668,5,4,1,1,1,--,779911,772157,7754,72.42%,71.38%,20%,高雄市三民區,257443,180524,178965,1559,70.12%,高雄市三民區千歲里,1174,891,882,9,75.89%
高雄市,1508761,1092668,5,4,1,1,1,--,779911,772157,7754,72.42%,71.38%,20%,高雄市三民區,257443,180524,178965,1559,70.12%,高雄市三民區立德里,1350,1013,1008,5,75.04%
高雄市,1508761,1092668,5,4,1,1,1,--,779911,772157,7754,72.42%,71.38%,20%,高雄市三民區,257443,180524,178965,1559,70.12%,高雄市三民區千北里,1278,984,972,12,77%
高雄市,1508761,1092668,5,4,1,1,1,--,779911,772157,7754,72.42%,71.38%,20%,高雄市三民區,257443,180524,178965,1559,70.12%,高雄市三民區千秋里,2377,1629,1608,21,68.53%
高雄市,1508761,1092668,5,4,1,1,1,--,779911,772157,7754,72.42%,71.38%,20%,高雄市新興區,47003,33594,33291,303,71.47%,高雄市新興區浩然里,1964,1366,1355,11,69.55%
高雄市,1508761,1092668,5,4,1,1,1,--,779911,772157,7754,72.42%,71.38%,20%,高雄市新興區,47003,33594,33291,303,71.47%,高雄市新興區振成里,1317,883,879,4,67.05%
高雄市,1508761,1092668,5,4,1,1,1,--,779911,772157,7754,72.42%,71.38%,20%,高雄市新興區,47003,33594,33291,303,71.47%,高雄市新興區德生里,2293,1584,1573,11,69.08%
高雄市,1508761,1092668,5,4,1,1,1,--,779911,772157,7754,72.42%,71.38%,20%,高雄市新興區,47003,33594,33291,303,71.47%,高雄市新興區振華里,1344,967,953,14,71.95%
高雄市,1508761,1092668,5,4,1,1,1,--,779911,772157,7754,72.42%,71.38%,20%,高雄市新興區,47003,33594,33291,303,71.47%,高雄市新興區正氣里,1633,1215,1206,9,74.4%
高雄市,1508761,1092668,5,4,1,1,1,--,779911,772157,7754,72.42%,71.38%,20%,高雄市新興區,47003,33594,33291,303,71.47%,高雄市新興區德政里,752,531,525,6,70.61%
高雄市,1508761,1092668,5,4,1,1,1,--,779911,772157,7754,72.42%,71.38%,20%,高雄市新興區,47003,33594,33291,303,71.47%,高雄市新興區仁聲里,815,557,553,4,68.34%
高雄市,1508761,1092668,5,4,1,1,1,--,779911,772157,7754,72.42%,71.38%,20%,高雄市新興區,47003,33594,33291,303,71.47%,高雄市新興區德望里,2008,1370,1357,13,68.23%
高雄市,1508761,1092668,5,4,1,1,1,--,779911,772157,7754,72.42%,71.38%,20%,高雄市新興區,47003,33594,33291,303,71.47%,高雄市新興區華聲里,1100,778,773,5,70.73%
高雄市,1508761,1092668,5,4,1,1,1,--,779911,772157,7754,72.42%,71.38%,20%,高雄市新興區,47003,33594,33291,303,71.47%,高雄市新興區蕉園里,790,587,586,1,74.3%
高雄市,1508761,1092668,5,4,1,1,1,--,779911,772157,7754,72.42%,71.38%,20%,高雄市新興區,47003,33594,33291,303,71.47%,高雄市新興區永寧里,1453,1047,1038,9,72.06%
高雄市,1508761,1092668,5,4,1,1,1,--,779911,772157,7754,72.42%,71.38%,20%,高雄市新興區,47003,33594,33291,303,71.47%,高雄市新興區玉衡里,1098,829,823,6,75.5%
高雄市,1508761,1092668,5,4,1,1,1,--,779911,772157,7754,72.42%,71.38%,20%,高雄市新興區,47003,33594,33291,303,71.47%,高雄市新興區順昌里,2112,1546,1526,20,73.2%
高雄市,1508761,1092668,5,4,1,1,1,--,779911,772157,7754,72.42%,71.38%,20%,高雄市新興區,47003,33594,33291,303,71.47%,高雄市新興區文昌里,2519,1779,1769,10,70.62%
高雄市,1508761,1092668,5,4,1,1,1,--,779911,772157,7754,72.42%,71.38%,20%,高雄市新興區,47003,33594,33291,303,71.47%,高雄市新興區光耀里,2444,1718,1703,15,70.29%
高雄市,1508761,1092668,5,4,1,1,1,--,779911,772157,7754,72.42%,71.38%,20%,高雄市新興區,47003,33594,33291,303,71.47%,高雄市新興區興昌里,1833,1330,1319,11,72.56%
高雄市,1508761,1092668,5,4,1,1,1,--,779911,772157,7754,72.42%,71.38%,20%,高雄市新興區,47003,33594,33291,303,71.47%,高雄市新興區開平里,2954,2175,2150,25,73.63%
高雄市,1508761,1092668,5,4,1,1,1,--,779911,772157,7754,72.42%,71.38%,20%,高雄市新興區,47003,33594,33291,303,71.47%,高雄市新興區成功里,1198,839,834,5,70.03%
高雄市,1508761,1092668,5,4,1,1,1,--,779911,772157,7754,72.42%,71.38%,20%,高雄市新興區,47003,33594,33291,303,71.47%,高雄市新興區新江里,1176,802,798,4,68.2%
高雄市,1508761,1092668,5,4,1,1,1,--,779911,772157,7754,72.42%,71.38%,20%,高雄市新興區,47003,33594,33291,303,71.47%,高雄市新興區黎明里,953,675,671,4,70.83%
高雄市,1508761,1092668,5,4,1,1,1,--,779911,772157,7754,72.42%,71.38%,20%,高雄市新興區,47003,33594,33291,303,71.47%,高雄市新興區愛平里,912,658,653,5,72.15%
高雄市,1508761,1092668,5,4,1,1,1,--,779911,772157,7754,72.42%,71.38%,20%,高雄市新興區,47003,33594,33291,303,71.47%,高雄市新興區南港里,2251,1694,1678,16,75.26%
高雄市,1508761,1092668,5,4,1,1,1,--,779911,772157,7754,72.42%,71.38%,20%,高雄市新興區,47003,33594,33291,303,71.47%,高雄市新興區中東里,2582,1658,1638,20,64.21%
高雄市,1508761,1092668,5,4,1,1,1,--,779911,772157,7754,72.42%,71.38%,20%,高雄市新興區,47003,33594,33291,303,71.47%,高雄市新興區明莊里,925,674,666,8,72.86%
高雄市,1508761,1092668,5,4,1,1,1,--,779911,772157,7754,72.42%,71.38%,20%,高雄市新興區,47003,33594,33291,303,71.47%,高雄市新興區大明里,1244,906,895,11,72.83%
高雄市,1508761,1092668,5,4,1,1,1,--,779911,772157,7754,72.42%,71.38%,20%,高雄市新興區,47003,33594,33291,303,71.47%,高雄市新興區秋山里,1151,819,809,10,71.16%
高雄市,1508761,1092668,5,4,1,1,1,--,779911,772157,7754,72.42%,71.38%,20%,高雄市新興區,47003,33594,33291,303,71.47%,高雄市新興區長驛里,930,697,692,5,74.95%
高雄市,1508761,1092668,5,4,1,1,1,--,779911,772157,7754,72.42%,71.38%,20%,高雄市新興區,47003,33594,33291,303,71.47%,高雄市新興區建興里,952,677,671,6,71.11%
高雄市,1508761,1092668,5,4,1,1,1,--,779911,772157,7754,72.42%,71.38%,20%,高雄市新興區,47003,33594,33291,303,71.47%,高雄市新興區建華里,964,662,654,8,68.67%
高雄市,1508761,1092668,5,4,1,1,1,--,779911,772157,7754,72.42%,71.38%,20%,高雄市新興區,47003,33594,33291,303,71.47%,高雄市新興區漢民里,872,683,673,10,78.33%
高雄市,1508761,1092668,5,4,1,1,1,--,779911,772157,7754,72.42%,71.38%,20%,高雄市新興區,47003,33594,33291,303,71.47%,高雄市新興區榮治里,992,734,729,5,73.99%
高雄市,1508761,1092668,5,4,1,1,1,--,779911,772157,7754,72.42%,71.38%,20%,高雄市新興區,47003,33594,33291,303,71.47%,高雄市新興區東坡里,1472,1154,1142,12,78.4%
高雄市,1508761,1092668,5,4,1,1,1,--,779911,772157,7754,72.42%,71.38%,20%,高雄市前金區,25474,17945,17787,158,70.44%,高雄市前金區三川里,809,571,566,5,70.58%
高雄市,1508761,1092668,5,4,1,1,1,--,779911,772157,7754,72.42%,71.38%,20%,高雄市前金區,25474,17945,17787,158,70.44%,高雄市前金區草江里,1216,878,870,8,72.2%
高雄市,1508761,1092668,5,4,1,1,1,--,779911,772157,7754,72.42%,71.38%,20%,高雄市前金區,25474,17945,17787,158,70.44%,高雄市前金區長城里,1454,1048,1041,7,72.08%
高雄市,1508761,1092668,5,4,1,1,1,--,779911,772157,7754,72.42%,71.38%,20%,高雄市前金區,25474,17945,17787,158,70.44%,高雄市前金區北金里,896,644,640,4,71.88%
高雄市,1508761,1092668,5,4,1,1,1,--,779911,772157,7754,72.42%,71.38%,20%,高雄市前金區,25474,17945,17787,158,70.44%,高雄市前金區東金里,925,629,621,8,68%
高雄市,1508761,1092668,5,4,1,1,1,--,779911,772157,7754,72.42%,71.38%,20%,高雄市前金區,25474,17945,17787,158,70.44%,高雄市前金區新生里,3149,2220,2200,20,70.5%
高雄市,1508761,1092668,5,4,1,1,1,--,779911,772157,7754,72.42%,71.38%,20%,高雄市前金區,25474,17945,17787,158,70.44%,高雄市前金區後金里,979,704,696,8,71.91%
高雄市,1508761,1092668,5,4,1,1,1,--,779911,772157,7754,72.42%,71.38%,20%,高雄市前金區,25474,17945,17787,158,70.44%,高雄市前金區長興里,1129,774,766,8,68.56%
高雄市,1508761,1092668,5,4,1,1,1,--,779911,772157,7754,72.42%,71.38%,20%,高雄市前金區,25474,17945,17787,158,70.44%,高雄市前金區青山里,1423,947,940,7,66.55%
高雄市,1508761,1092668,5,4,1,1,1,--,779911,772157,7754,72.42%,71.38%,20%,高雄市前金區,25474,17945,17787,158,70.44%,高雄市前金區民生里,812,542,539,3,66.75%
高雄市,1508761,1092668,5,4,1,1,1,--,779911,772157,7754,72.42%,71.38%,20%,高雄市前金區,25474,17945,17787,158,70.44%,高雄市前金區復元里,1086,748,745,3,68.88%
高雄市,1508761,1092668,5,4,1,1,1,--,779911,772157,7754,72.42%,71.38%,20%,高雄市前金區,25474,17945,17787,158,70.44%,高雄市前金區林投里,1234,838,836,2,67.91%
高雄市,1508761,1092668,5,4,1,1,1,--,779911,772157,7754,72.42%,71.38%,20%,高雄市前金區,25474,17945,17787,158,70.44%,高雄市前金區國民里,1099,786,781,5,71.52%
高雄市,1508761,1092668,5,4,1,1,1,--,779911,772157,7754,72.42%,71.38%,20%,高雄市前金區,25474,17945,17787,158,70.44%,高雄市前金區社東里,1732,1265,1258,7,73.04%
高雄市,1508761,1092668,5,4,1,1,1,--,779911,772157,7754,72.42%,71.38%,20%,高雄市前金區,25474,17945,17787,158,70.44%,高雄市前金區社西里,1041,720,712,8,69.16%
高雄市,1508761,1092668,5,4,1,1,1,--,779911,772157,7754,72.42%,71.38%,20%,高雄市前金區,25474,17945,17787,158,70.44%,高雄市前金區博孝里,1025,738,728,10,72%
高雄市,1508761,1092668,5,4,1,1,1,--,779911,772157,7754,72.42%,71.38%,20%,高雄市前金區,25474,17945,17787,158,70.44%,高雄市前金區長生里,1551,1047,1039,8,67.5%
高雄市,1508761,1092668,5,4,1,1,1,--,779911,772157,7754,72.42%,71.38%,20%,高雄市前金區,25474,17945,17787,158,70.44%,高雄市前金區榮復里,1350,999,981,18,74%
高雄市,1508761,1092668,5,4,1,1,1,--,779911,772157,7754,72.42%,71.38%,20%,高雄市前金區,25474,17945,17787,158,70.44%,高雄市前金區文西里,1104,802,792,10,72.64%
高雄市,1508761,1092668,5,4,1,1,1,--,779911,772157,7754,72.42%,71.38%,20%,高雄市前金區,25474,17945,17787,158,70.44%,高雄市前金區文東里,1460,1045,1036,9,71.58%
高雄市,1508761,1092668,5,4,1,1,1,--,779911,772157,7754,72.42%,71.38%,20%,高雄市苓雅區,148249,106666,105618,1048,71.95%,高雄市苓雅區博仁里,683,515,507,8,75.4%
高雄市,1508761,1092668,5,4,1,1,1,--,779911,772157,7754,72.42%,71.38%,20%,高雄市苓雅區,148249,106666,105618,1048,71.95%,高雄市苓雅區苓洲里,1404,984,973,11,70.09%
高雄市,1508761,1092668,5,4,1,1,1,--,779911,772157,7754,72.42%,71.38%,20%,高雄市苓雅區,148249,106666,105618,1048,71.95%,高雄市苓雅區苓昇里,1493,1180,1168,12,79.04%
高雄市,1508761,1092668,5,4,1,1,1,--,779911,772157,7754,72.42%,71.38%,20%,高雄市苓雅區,148249,106666,105618,1048,71.95%,高雄市苓雅區苓中里,1627,1220,1202,18,74.98%
高雄市,1508761,1092668,5,4,1,1,1,--,779911,772157,7754,72.42%,71.38%,20%,高雄市苓雅區,148249,106666,105618,1048,71.95%,高雄市苓雅區苓雅里,1463,1061,1053,8,72.52%
高雄市,1508761,1092668,5,4,1,1,1,--,779911,772157,7754,72.42%,71.38%,20%,高雄市苓雅區,148249,106666,105618,1048,71.95%,高雄市苓雅區苓東里,1530,1108,1089,19,72.42%
高雄市,1508761,1092668,5,4,1,1,1,--,779911,772157,7754,72.42%,71.38%,20%,高雄市苓雅區,148249,106666,105618,1048,71.95%,高雄市苓雅區城北里,1490,1063,1049,14,71.34%
高雄市,1508761,1092668,5,4,1,1,1,--,779911,772157,7754,72.42%,71.38%,20%,高雄市苓雅區,148249,106666,105618,1048,71.95%,高雄市苓雅區城西里,709,516,511,5,72.78%
高雄市,1508761,1092668,5,4,1,1,1,--,779911,772157,7754,72.42%,71.38%,20%,高雄市苓雅區,148249,106666,105618,1048,71.95%,高雄市苓雅區城東里,1632,1179,1169,10,72.24%
高雄市,1508761,1092668,5,4,1,1,1,--,779911,772157,7754,72.42%,71.38%,20%,高雄市苓雅區,148249,106666,105618,1048,71.95%,高雄市苓雅區意誠里,2644,1669,1656,13,63.12%
高雄市,1508761,1092668,5,4,1,1,1,--,779911,772157,7754,72.42%,71.38%,20%,高雄市苓雅區,148249,106666,105618,1048,71.95%,高雄市苓雅區鼓中里,1297,1022,1014,8,78.8%
高雄市,1508761,1092668,5,4,1,1,1,--,779911,772157,7754,72.42%,71.38%,20%,高雄市苓雅區,148249,106666,105618,1048,71.95%,高雄市苓雅區田西里,1487,1091,1077,14,73.37%
高雄市,1508761,1092668,5,4,1,1,1,--,779911,772157,7754,72.42%,71.38%,20%,高雄市苓雅區,148249,106666,105618,1048,71.95%,高雄市苓雅區人和里,1898,1343,1331,12,70.76%
高雄市,1508761,1092668,5,4,1,1,1,--,779911,772157,7754,72.42%,71.38%,20%,高雄市苓雅區,148249,106666,105618,1048,71.95%,高雄市苓雅區仁政里,1760,1222,1206,16,69.43%
高雄市,1508761,1092668,5,4,1,1,1,--,779911,772157,7754,72.42%,71.38%,20%,高雄市苓雅區,148249,106666,105618,1048,71.95%,高雄市苓雅區廣澤里,1920,1497,1483,14,77.97%
高雄市,1508761,1092668,5,4,1,1,1,--,779911,772157,7754,72.42%,71.38%,20%,高雄市苓雅區,148249,106666,105618,1048,71.95%,高雄市苓雅區美田里,1279,941,936,5,73.57%
高雄市,1508761,1092668,5,4,1,1,1,--,779911,772157,7754,72.42%,71.38%,20%,高雄市苓雅區,148249,106666,105618,1048,71.95%,高雄市苓雅區華堂里,3007,2057,2035,22,68.41%
高雄市,1508761,1092668,5,4,1,1,1,--,779911,772157,7754,72.42%,71.38%,20%,高雄市苓雅區,148249,106666,105618,1048,71.95%,高雄市苓雅區日中里,2338,1695,1679,16,72.5%
高雄市,1508761,1092668,5,4,1,1,1,--,779911,772157,7754,72.42%,71.38%,20%,高雄市苓雅區,148249,106666,105618,1048,71.95%,高雄市苓雅區普照里,2628,1898,1885,13,72.22%
高雄市,1508761,1092668,5,4,1,1,1,--,779911,772157,7754,72.42%,71.38%,20%,高雄市苓雅區,148249,106666,105618,1048,71.95%,高雄市苓雅區和煦里,2183,1602,1584,18,73.39%
高雄市,1508761,1092668,5,4,1,1,1,--,779911,772157,7754,72.42%,71.38%,20%,高雄市苓雅區,148249,106666,105618,1048,71.95%,高雄市苓雅區晴朗里,1399,794,789,5,56.75%
高雄市,1508761,1092668,5,4,1,1,1,--,779911,772157,7754,72.42%,71.38%,20%,高雄市苓雅區,148249,106666,105618,1048,71.95%,高雄市苓雅區普天里,3092,2210,2198,12,71.47%
高雄市,1508761,1092668,5,4,1,1,1,--,779911,772157,7754,72.42%,71.38%,20%,高雄市苓雅區,148249,106666,105618,1048,71.95%,高雄市苓雅區林富里,1777,1236,1226,10,69.56%
高雄市,1508761,1092668,5,4,1,1,1,--,779911,772157,7754,72.42%,71.38%,20%,高雄市苓雅區,148249,106666,105618,1048,71.95%,高雄市苓雅區林圍里,2019,1418,1407,11,70.23%
高雄市,1508761,1092668,5,4,1,1,1,--,779911,772157,7754,72.42%,71.38%,20%,高雄市苓雅區,148249,106666,105618,1048,71.95%,高雄市苓雅區林安里,1625,1213,1208,5,74.65%
高雄市,1508761,1092668,5,4,1,1,1,--,779911,772157,7754,72.42%,71.38%,20%,高雄市苓雅區,148249,106666,105618,1048,71.95%,高雄市苓雅區光華里,800,576,567,9,72%
高雄市,1508761,1092668,5,4,1,1,1,--,779911,772157,7754,72.42%,71.38%,20%,高雄市苓雅區,148249,106666,105618,1048,71.95%,高雄市苓雅區林興里,1482,1109,1096,13,74.83%
高雄市,1508761,1092668,5,4,1,1,1,--,779911,772157,7754,72.42%,71.38%,20%,高雄市苓雅區,148249,106666,105618,1048,71.95%,高雄市苓雅區林華里,3014,2146,2124,22,71.2%
高雄市,1508761,1092668,5,4,1,1,1,--,779911,772157,7754,72.42%,71.38%,20%,高雄市苓雅區,148249,106666,105618,1048,71.95%,高雄市苓雅區林西里,1802,1273,1258,15,70.64%
高雄市,1508761,1092668,5,4,1,1,1,--,779911,772157,7754,72.42%,71.38%,20%,高雄市苓雅區,148249,106666,105618,1048,71.95%,高雄市苓雅區林中里,3212,2309,2287,22,71.89%
高雄市,1508761,1092668,5,4,1,1,1,--,779911,772157,7754,72.42%,71.38%,20%,高雄市苓雅區,148249,106666,105618,1048,71.95%,高雄市苓雅區林泉里,1802,1254,1247,7,69.59%
高雄市,1508761,1092668,5,4,1,1,1,--,779911,772157,7754,72.42%,71.38%,20%,高雄市苓雅區,148249,106666,105618,1048,71.95%,高雄市苓雅區林南里,2774,1889,1873,16,68.1%
高雄市,1508761,1092668,5,4,1,1,1,--,779911,772157,7754,72.42%,71.38%,20%,高雄市苓雅區,148249,106666,105618,1048,71.95%,高雄市苓雅區中正里,2495,1716,1705,11,68.78%
高雄市,1508761,1092668,5,4,1,1,1,--,779911,772157,7754,72.42%,71.38%,20%,高雄市苓雅區,148249,106666,105618,1048,71.95%,高雄市苓雅區尚義里,1423,964,955,9,67.74%
高雄市,1508761,1092668,5,4,1,1,1,--,779911,772157,7754,72.42%,71.38%,20%,高雄市苓雅區,148249,106666,105618,1048,71.95%,高雄市苓雅區同慶里,1594,1156,1150,6,72.52%
高雄市,1508761,1092668,5,4,1,1,1,--,779911,772157,7754,72.42%,71.38%,20%,高雄市苓雅區,148249,106666,105618,1048,71.95%,高雄市苓雅區凱旋里,1964,1504,1493,11,76.58%
高雄市,1508761,1092668,5,4,1,1,1,--,779911,772157,7754,72.42%,71.38%,20%,高雄市苓雅區,148249,106666,105618,1048,71.95%,高雄市苓雅區安祥里,2255,1573,1551,22,69.76%
高雄市,1508761,1092668,5,4,1,1,1,--,779911,772157,7754,72.42%,71.38%,20%,高雄市苓雅區,148249,106666,105618,1048,71.95%,高雄市苓雅區奏捷里,1688,1285,1274,11,76.13%
高雄市,1508761,1092668,5,4,1,1,1,--,779911,772157,7754,72.42%,71.38%,20%,高雄市苓雅區,148249,106666,105618,1048,71.95%,高雄市苓雅區福壽里,1528,1127,1114,13,73.76%
高雄市,1508761,1092668,5,4,1,1,1,--,779911,772157,7754,72.42%,71.38%,20%,高雄市苓雅區,148249,106666,105618,1048,71.95%,高雄市苓雅區福南里,2472,1841,1815,26,74.47%
高雄市,1508761,1092668,5,4,1,1,1,--,779911,772157,7754,72.42%,71.38%,20%,高雄市苓雅區,148249,106666,105618,1048,71.95%,高雄市苓雅區五權里,1978,1412,1400,12,71.39%
高雄市,1508761,1092668,5,4,1,1,1,--,779911,772157,7754,72.42%,71.38%,20%,高雄市苓雅區,148249,106666,105618,1048,71.95%,高雄市苓雅區民主里,3783,2583,2558,25,68.28%
高雄市,1508761,1092668,5,4,1,1,1,--,779911,772157,7754,72.42%,71.38%,20%,高雄市苓雅區,148249,106666,105618,1048,71.95%,高雄市苓雅區林德里,1764,1250,1239,11,70.86%
高雄市,1508761,1092668,5,4,1,1,1,--,779911,772157,7754,72.42%,71.38%,20%,高雄市苓雅區,148249,106666,105618,1048,71.95%,高雄市苓雅區林貴里,1344,989,982,7,73.59%
高雄市,1508761,1092668,5,4,1,1,1,--,779911,772157,7754,72.42%,71.38%,20%,高雄市苓雅區,148249,106666,105618,1048,71.95%,高雄市苓雅區林榮里,3905,2760,2731,29,70.68%
高雄市,1508761,1092668,5,4,1,1,1,--,779911,772157,7754,72.42%,71.38%,20%,高雄市苓雅區,148249,106666,105618,1048,71.95%,高雄市苓雅區英明里,2041,1418,1404,14,69.48%
高雄市,1508761,1092668,5,4,1,1,1,--,779911,772157,7754,72.42%,71.38%,20%,高雄市苓雅區,148249,106666,105618,1048,71.95%,高雄市苓雅區林靖里,1768,1295,1283,12,73.25%
高雄市,1508761,1092668,5,4,1,1,1,--,779911,772157,7754,72.42%,71.38%,20%,高雄市苓雅區,148249,106666,105618,1048,71.95%,高雄市苓雅區朝陽里,1493,1079,1071,8,72.27%
高雄市,1508761,1092668,5,4,1,1,1,--,779911,772157,7754,72.42%,71.38%,20%,高雄市苓雅區,148249,106666,105618,1048,71.95%,高雄市苓雅區福隆里,2776,1993,1976,17,71.79%
高雄市,1508761,1092668,5,4,1,1,1,--,779911,772157,7754,72.42%,71.38%,20%,高雄市苓雅區,148249,106666,105618,1048,71.95%,高雄市苓雅區福祥里,1321,950,937,13,71.92%
高雄市,1508761,1092668,5,4,1,1,1,--,779911,772157,7754,72.42%,71.38%,20%,高雄市苓雅區,148249,106666,105618,1048,71.95%,高雄市苓雅區福海里,1072,793,787,6,73.97%
高雄市,1508761,1092668,5,4,1,1,1,--,779911,772157,7754,72.42%,71.38%,20%,高雄市苓雅區,148249,106666,105618,1048,71.95%,高雄市苓雅區福康里,1962,1457,1441,16,74.26%
高雄市,1508761,1092668,5,4,1,1,1,--,779911,772157,7754,72.42%,71.38%,20%,高雄市苓雅區,148249,106666,105618,1048,71.95%,高雄市苓雅區福人里,2175,1663,1642,21,76.46%
高雄市,1508761,1092668,5,4,1,1,1,--,779911,772157,7754,72.42%,71.38%,20%,高雄市苓雅區,148249,106666,105618,1048,71.95%,高雄市苓雅區福地里,2904,2180,2159,21,75.07%
高雄市,1508761,1092668,5,4,1,1,1,--,779911,772157,7754,72.42%,71.38%,20%,高雄市苓雅區,148249,106666,105618,1048,71.95%,高雄市苓雅區福居里,2888,2191,2167,24,75.87%
高雄市,1508761,1092668,5,4,1,1,1,--,779911,772157,7754,72.42%,71.38%,20%,高雄市苓雅區,148249,106666,105618,1048,71.95%,高雄市苓雅區福東里,2554,1847,1826,21,72.32%
高雄市,1508761,1092668,5,4,1,1,1,--,779911,772157,7754,72.42%,71.38%,20%,高雄市苓雅區,148249,106666,105618,1048,71.95%,高雄市苓雅區福西里,2272,1756,1724,32,77.29%
高雄市,1508761,1092668,5,4,1,1,1,--,779911,772157,7754,72.42%,71.38%,20%,高雄市苓雅區,148249,106666,105618,1048,71.95%,高雄市苓雅區永康里,2401,1771,1752,19,73.76%
高雄市,1508761,1092668,5,4,1,1,1,--,779911,772157,7754,72.42%,71.38%,20%,高雄市苓雅區,148249,106666,105618,1048,71.95%,高雄市苓雅區正文里,1711,1226,1222,4,71.65%
高雄市,1508761,1092668,5,4,1,1,1,--,779911,772157,7754,72.42%,71.38%,20%,高雄市苓雅區,148249,106666,105618,1048,71.95%,高雄市苓雅區正言里,2763,2007,1992,15,72.64%
高雄市,1508761,1092668,5,4,1,1,1,--,779911,772157,7754,72.42%,71.38%,20%,高雄市苓雅區,148249,106666,105618,1048,71.95%,高雄市苓雅區正大里,4396,2983,2942,41,67.86%
高雄市,1508761,1092668,5,4,1,1,1,--,779911,772157,7754,72.42%,71.38%,20%,高雄市苓雅區,148249,106666,105618,1048,71.95%,高雄市苓雅區五福里,3872,2791,2770,21,72.08%
高雄市,1508761,1092668,5,4,1,1,1,--,779911,772157,7754,72.42%,71.38%,20%,高雄市苓雅區,148249,106666,105618,1048,71.95%,高雄市苓雅區正心里,3536,2443,2415,28,69.09%
高雄市,1508761,1092668,5,4,1,1,1,--,779911,772157,7754,72.42%,71.38%,20%,高雄市苓雅區,148249,106666,105618,1048,71.95%,高雄市苓雅區正道里,4071,2971,2947,24,72.98%
高雄市,1508761,1092668,5,4,1,1,1,--,779911,772157,7754,72.42%,71.38%,20%,高雄市苓雅區,148249,106666,105618,1048,71.95%,高雄市苓雅區正義里,2350,1677,1665,12,71.36%
高雄市,1508761,1092668,5,4,1,1,1,--,779911,772157,7754,72.42%,71.38%,20%,高雄市苓雅區,148249,106666,105618,1048,71.95%,高雄市苓雅區正仁里,2411,1762,1748,14,73.08%
高雄市,1508761,1092668,5,4,1,1,1,--,779911,772157,7754,72.42%,71.38%,20%,高雄市苓雅區,148249,106666,105618,1048,71.95%,高雄市苓雅區文昌里,3905,2915,2881,34,74.65%
高雄市,1508761,1092668,5,4,1,1,1,--,779911,772157,7754,72.42%,71.38%,20%,高雄市苓雅區,148249,106666,105618,1048,71.95%,高雄市苓雅區建軍里,2013,1518,1498,20,75.41%
高雄市,1508761,1092668,5,4,1,1,1,--,779911,772157,7754,72.42%,71.38%,20%,高雄市苓雅區,148249,106666,105618,1048,71.95%,高雄市苓雅區衛武里,2131,1530,1515,15,71.8%
高雄市,1508761,1092668,5,4,1,1,1,--,779911,772157,7754,72.42%,71.38%,20%,高雄市前鎮區,148647,108200,107028,1172,72.79%,高雄市前鎮區草衙里,8656,5957,5884,73,68.82%
高雄市,1508761,1092668,5,4,1,1,1,--,779911,772157,7754,72.42%,71.38%,20%,高雄市前鎮區,148647,108200,107028,1172,72.79%,高雄市前鎮區明孝里,2521,1864,1830,34,73.94%
高雄市,1508761,1092668,5,4,1,1,1,--,779911,772157,7754,72.42%,71.38%,20%,高雄市前鎮區,148647,108200,107028,1172,72.79%,高雄市前鎮區明正里,3205,2290,2268,22,71.45%
高雄市,1508761,1092668,5,4,1,1,1,--,779911,772157,7754,72.42%,71.38%,20%,高雄市前鎮區,148647,108200,107028,1172,72.79%,高雄市前鎮區明義里,1713,1345,1329,16,78.52%
高雄市,1508761,1092668,5,4,1,1,1,--,779911,772157,7754,72.42%,71.38%,20%,高雄市前鎮區,148647,108200,107028,1172,72.79%,高雄市前鎮區仁愛里,1501,1107,1097,10,73.75%
高雄市,1508761,1092668,5,4,1,1,1,--,779911,772157,7754,72.42%,71.38%,20%,高雄市前鎮區,148647,108200,107028,1172,72.79%,高雄市前鎮區德昌里,1899,1371,1361,10,72.2%
高雄市,1508761,1092668,5,4,1,1,1,--,779911,772157,7754,72.42%,71.38%,20%,高雄市前鎮區,148647,108200,107028,1172,72.79%,高雄市前鎮區平等里,2061,1297,1274,23,62.93%
高雄市,1508761,1092668,5,4,1,1,1,--,779911,772157,7754,72.42%,71.38%,20%,高雄市前鎮區,148647,108200,107028,1172,72.79%,高雄市前鎮區平昌里,756,565,557,8,74.74%
高雄市,1508761,1092668,5,4,1,1,1,--,779911,772157,7754,72.42%,71.38%,20%,高雄市前鎮區,148647,108200,107028,1172,72.79%,高雄市前鎮區明禮里,1771,1319,1298,21,74.48%
高雄市,1508761,1092668,5,4,1,1,1,--,779911,772157,7754,72.42%,71.38%,20%,高雄市前鎮區,148647,108200,107028,1172,72.79%,高雄市前鎮區信義里,1755,1321,1309,12,75.27%
高雄市,1508761,1092668,5,4,1,1,1,--,779911,772157,7754,72.42%,71.38%,20%,高雄市前鎮區,148647,108200,107028,1172,72.79%,高雄市前鎮區信德里,2509,1822,1804,18,72.62%
高雄市,1508761,1092668,5,4,1,1,1,--,779911,772157,7754,72.42%,71.38%,20%,高雄市前鎮區,148647,108200,107028,1172,72.79%,高雄市前鎮區明道里,1330,979,971,8,73.61%
高雄市,1508761,1092668,5,4,1,1,1,--,779911,772157,7754,72.42%,71.38%,20%,高雄市前鎮區,148647,108200,107028,1172,72.79%,高雄市前鎮區興化里,920,687,679,8,74.67%
高雄市,1508761,1092668,5,4,1,1,1,--,779911,772157,7754,72.42%,71.38%,20%,高雄市前鎮區,148647,108200,107028,1172,72.79%,高雄市前鎮區興仁里,983,691,680,11,70.3%
高雄市,1508761,1092668,5,4,1,1,1,--,779911,772157,7754,72.42%,71.38%,20%,高雄市前鎮區,148647,108200,107028,1172,72.79%,高雄市前鎮區前鎮里,1584,1248,1234,14,78.79%
高雄市,1508761,1092668,5,4,1,1,1,--,779911,772157,7754,72.42%,71.38%,20%,高雄市前鎮區,148647,108200,107028,1172,72.79%,高雄市前鎮區鎮東里,1987,1585,1559,26,79.77%
高雄市,1508761,1092668,5,4,1,1,1,--,779911,772157,7754,72.42%,71.38%,20%,高雄市前鎮區,148647,108200,107028,1172,72.79%,高雄市前鎮區鎮榮里,2308,1726,1705,21,74.78%
高雄市,1508761,1092668,5,4,1,1,1,--,779911,772157,7754,72.42%,71.38%,20%,高雄市前鎮區,148647,108200,107028,1172,72.79%,高雄市前鎮區鎮昌里,2052,1607,1586,21,78.31%
高雄市,1508761,1092668,5,4,1,1,1,--,779911,772157,7754,72.42%,71.38%,20%,高雄市前鎮區,148647,108200,107028,1172,72.79%,高雄市前鎮區鎮海里,3757,2713,2689,24,72.21%
高雄市,1508761,1092668,5,4,1,1,1,--,779911,772157,7754,72.42%,71.38%,20%,高雄市前鎮區,148647,108200,107028,1172,72.79%,高雄市前鎮區鎮陽里,1167,933,919,14,79.95%
高雄市,1508761,1092668,5,4,1,1,1,--,779911,772157,7754,72.42%,71.38%,20%,高雄市前鎮區,148647,108200,107028,1172,72.79%,高雄市前鎮區興邦里,2362,1691,1666,25,71.59%
高雄市,1508761,1092668,5,4,1,1,1,--,779911,772157,7754,72.42%,71.38%,20%,高雄市前鎮區,148647,108200,107028,1172,72.79%,高雄市前鎮區鎮中里,1009,789,780,9,78.2%
高雄市,1508761,1092668,5,4,1,1,1,--,779911,772157,7754,72.42%,71.38%,20%,高雄市前鎮區,148647,108200,107028,1172,72.79%,高雄市前鎮區鎮北里,1075,866,857,9,80.56%
高雄市,1508761,1092668,5,4,1,1,1,--,779911,772157,7754,72.42%,71.38%,20%,高雄市前鎮區,148647,108200,107028,1172,72.79%,高雄市前鎮區忠純里,2788,2163,2130,33,77.58%
高雄市,1508761,1092668,5,4,1,1,1,--,779911,772157,7754,72.42%,71.38%,20%,高雄市前鎮區,148647,108200,107028,1172,72.79%,高雄市前鎮區忠誠里,2103,1685,1669,16,80.12%
高雄市,1508761,1092668,5,4,1,1,1,--,779911,772157,7754,72.42%,71.38%,20%,高雄市前鎮區,148647,108200,107028,1172,72.79%,高雄市前鎮區西山里,3196,2334,2310,24,73.03%
高雄市,1508761,1092668,5,4,1,1,1,--,779911,772157,7754,72.42%,71.38%,20%,高雄市前鎮區,148647,108200,107028,1172,72.79%,高雄市前鎮區民權里,3846,2796,2777,19,72.7%
高雄市,1508761,1092668,5,4,1,1,1,--,779911,772157,7754,72.42%,71.38%,20%,高雄市前鎮區,148647,108200,107028,1172,72.79%,高雄市前鎮區建隆里,838,630,624,6,75.18%
高雄市,1508761,1092668,5,4,1,1,1,--,779911,772157,7754,72.42%,71.38%,20%,高雄市前鎮區,148647,108200,107028,1172,72.79%,高雄市前鎮區振興里,1979,1393,1376,17,70.39%
高雄市,1508761,1092668,5,4,1,1,1,--,779911,772157,7754,72.42%,71.38%,20%,高雄市前鎮區,148647,108200,107028,1172,72.79%,高雄市前鎮區良和里,2625,1856,1845,11,70.7%
高雄市,1508761,1092668,5,4,1,1,1,--,779911,772157,7754,72.42%,71.38%,20%,高雄市前鎮區,148647,108200,107028,1172,72.79%,高雄市前鎮區西甲里,2068,1558,1545,13,75.34%
高雄市,1508761,1092668,5,4,1,1,1,--,779911,772157,7754,72.42%,71.38%,20%,高雄市前鎮區,148647,108200,107028,1172,72.79%,高雄市前鎮區盛興里,2466,1655,1636,19,67.11%
高雄市,1508761,1092668,5,4,1,1,1,--,779911,772157,7754,72.42%,71.38%,20%,高雄市前鎮區,148647,108200,107028,1172,72.79%,高雄市前鎮區盛豐里,2817,1910,1891,19,67.8%
高雄市,1508761,1092668,5,4,1,1,1,--,779911,772157,7754,72.42%,71.38%,20%,高雄市前鎮區,148647,108200,107028,1172,72.79%,高雄市前鎮區興中里,3105,2091,2074,17,67.34%
高雄市,1508761,1092668,5,4,1,1,1,--,779911,772157,7754,72.42%,71.38%,20%,高雄市前鎮區,148647,108200,107028,1172,72.79%,高雄市前鎮區興東里,4301,3057,3027,30,71.08%
高雄市,1508761,1092668,5,4,1,1,1,--,779911,772157,7754,72.42%,71.38%,20%,高雄市前鎮區,148647,108200,107028,1172,72.79%,高雄市前鎮區忠孝里,2293,1687,1675,12,73.57%
高雄市,1508761,1092668,5,4,1,1,1,--,779911,772157,7754,72.42%,71.38%,20%,高雄市前鎮區,148647,108200,107028,1172,72.79%,高雄市前鎮區復國里,2745,1991,1979,12,72.53%
高雄市,1508761,1092668,5,4,1,1,1,--,779911,772157,7754,72.42%,71.38%,20%,高雄市前鎮區,148647,108200,107028,1172,72.79%,高雄市前鎮區竹內里,2817,2053,2033,20,72.88%
高雄市,1508761,1092668,5,4,1,1,1,--,779911,772157,7754,72.42%,71.38%,20%,高雄市前鎮區,148647,108200,107028,1172,72.79%,高雄市前鎮區竹東里,2083,1399,1382,17,67.16%
高雄市,1508761,1092668,5,4,1,1,1,--,779911,772157,7754,72.42%,71.38%,20%,高雄市前鎮區,148647,108200,107028,1172,72.79%,高雄市前鎮區竹南里,2573,1818,1796,22,70.66%
高雄市,1508761,1092668,5,4,1,1,1,--,779911,772157,7754,72.42%,71.38%,20%,高雄市前鎮區,148647,108200,107028,1172,72.79%,高雄市前鎮區竹北里,1947,1344,1326,18,69.03%
高雄市,1508761,1092668,5,4,1,1,1,--,779911,772157,7754,72.42%,71.38%,20%,高雄市前鎮區,148647,108200,107028,1172,72.79%,高雄市前鎮區竹西里,3530,2616,2597,19,74.11%
高雄市,1508761,1092668,5,4,1,1,1,--,779911,772157,7754,72.42%,71.38%,20%,高雄市前鎮區,148647,108200,107028,1172,72.79%,高雄市前鎮區竹中里,2681,1939,1915,24,72.32%
高雄市,1508761,1092668,5,4,1,1,1,--,779911,772157,7754,72.42%,71.38%,20%,高雄市前鎮區,148647,108200,107028,1172,72.79%,高雄市前鎮區瑞竹里,1262,895,886,9,70.92%
高雄市,1508761,1092668,5,4,1,1,1,--,779911,772157,7754,72.42%,71.38%,20%,高雄市前鎮區,148647,108200,107028,1172,72.79%,高雄市前鎮區瑞南里,4464,3355,3306,49,75.16%
高雄市,1508761,1092668,5,4,1,1,1,--,779911,772157,7754,72.42%,71.38%,20%,高雄市前鎮區,148647,108200,107028,1172,72.79%,高雄市前鎮區瑞豐里,2380,1822,1804,18,76.55%
高雄市,1508761,1092668,5,4,1,1,1,--,779911,772157,7754,72.42%,71.38%,20%,高雄市前鎮區,148647,108200,107028,1172,72.79%,高雄市前鎮區瑞祥里,4663,3407,3378,29,73.06%
高雄市,1508761,1092668,5,4,1,1,1,--,779911,772157,7754,72.42%,71.38%,20%,高雄市前鎮區,148647,108200,107028,1172,72.79%,高雄市前鎮區瑞東里,2495,1907,1886,21,76.43%
高雄市,1508761,1092668,5,4,1,1,1,--,779911,772157,7754,72.42%,71.38%,20%,高雄市前鎮區,148647,108200,107028,1172,72.79%,高雄市前鎮區瑞和里,1988,1461,1439,22,73.49%
高雄市,1508761,1092668,5,4,1,1,1,--,779911,772157,7754,72.42%,71.38%,20%,高雄市前鎮區,148647,108200,107028,1172,72.79%,高雄市前鎮區瑞平里,3514,2631,2600,31,74.87%
高雄市,1508761,1092668,5,4,1,1,1,--,779911,772157,7754,72.42%,71.38%,20%,高雄市前鎮區,148647,108200,107028,1172,72.79%,高雄市前鎮區瑞隆里,3445,2445,2426,19,70.97%
高雄市,1508761,1092668,5,4,1,1,1,--,779911,772157,7754,72.42%,71.38%,20%,高雄市前鎮區,148647,108200,107028,1172,72.79%,高雄市前鎮區瑞北里,2938,2194,2177,17,74.68%
高雄市,1508761,1092668,5,4,1,1,1,--,779911,772157,7754,72.42%,71.38%,20%,高雄市前鎮區,148647,108200,107028,1172,72.79%,高雄市前鎮區瑞西里,2719,2151,2126,25,79.11%
高雄市,1508761,1092668,5,4,1,1,1,--,779911,772157,7754,72.42%,71.38%,20%,高雄市前鎮區,148647,108200,107028,1172,72.79%,高雄市前鎮區瑞崗里,2704,2020,2001,19,74.7%
高雄市,1508761,1092668,5,4,1,1,1,--,779911,772157,7754,72.42%,71.38%,20%,高雄市前鎮區,148647,108200,107028,1172,72.79%,高雄市前鎮區瑞興里,2703,1969,1945,24,72.84%
高雄市,1508761,1092668,5,4,1,1,1,--,779911,772157,7754,72.42%,71.38%,20%,高雄市前鎮區,148647,108200,107028,1172,72.79%,高雄市前鎮區瑞誠里,2319,1629,1618,11,70.25%
高雄市,1508761,1092668,5,4,1,1,1,--,779911,772157,7754,72.42%,71.38%,20%,高雄市前鎮區,148647,108200,107028,1172,72.79%,高雄市前鎮區瑞文里,2430,1706,1688,18,70.21%
高雄市,1508761,1092668,5,4,1,1,1,--,779911,772157,7754,72.42%,71.38%,20%,高雄市前鎮區,148647,108200,107028,1172,72.79%,高雄市前鎮區瑞華里,4190,2918,2888,30,69.64%
高雄市,1508761,1092668,5,4,1,1,1,--,779911,772157,7754,72.42%,71.38%,20%,高雄市前鎮區,148647,108200,107028,1172,72.79%,高雄市前鎮區瑞昌里,2751,1942,1917,25,70.59%
高雄市,1508761,1092668,5,4,1,1,1,--,779911,772157,7754,72.42%,71.38%,20%,高雄市旗津區,22830,16734,16435,299,73.3%,高雄市旗津區旗下里,1281,955,943,12,74.55%
高雄市,1508761,1092668,5,4,1,1,1,--,779911,772157,7754,72.42%,71.38%,20%,高雄市旗津區,22830,16734,16435,299,73.3%,高雄市旗津區永安里,1121,835,820,15,74.49%
高雄市,1508761,1092668,5,4,1,1,1,--,779911,772157,7754,72.42%,71.38%,20%,高雄市旗津區,22830,16734,16435,299,73.3%,高雄市旗津區振興里,1663,1206,1191,15,72.52%
高雄市,1508761,1092668,5,4,1,1,1,--,779911,772157,7754,72.42%,71.38%,20%,高雄市旗津區,22830,16734,16435,299,73.3%,高雄市旗津區慈愛里,2044,1498,1468,30,73.29%
高雄市,1508761,1092668,5,4,1,1,1,--,779911,772157,7754,72.42%,71.38%,20%,高雄市旗津區,22830,16734,16435,299,73.3%,高雄市旗津區復興里,2770,2072,2024,48,74.8%
高雄市,1508761,1092668,5,4,1,1,1,--,779911,772157,7754,72.42%,71.38%,20%,高雄市旗津區,22830,16734,16435,299,73.3%,高雄市旗津區中華里,1275,925,915,10,72.55%
高雄市,1508761,1092668,5,4,1,1,1,--,779911,772157,7754,72.42%,71.38%,20%,高雄市旗津區,22830,16734,16435,299,73.3%,高雄市旗津區實踐里,1346,907,891,16,67.38%
高雄市,1508761,1092668,5,4,1,1,1,--,779911,772157,7754,72.42%,71.38%,20%,高雄市旗津區,22830,16734,16435,299,73.3%,高雄市旗津區北汕里,2408,1750,1721,29,72.67%
高雄市,1508761,1092668,5,4,1,1,1,--,779911,772157,7754,72.42%,71.38%,20%,高雄市旗津區,22830,16734,16435,299,73.3%,高雄市旗津區南汕里,1648,1213,1191,22,73.6%
高雄市,1508761,1092668,5,4,1,1,1,--,779911,772157,7754,72.42%,71.38%,20%,高雄市旗津區,22830,16734,16435,299,73.3%,高雄市旗津區上竹里,2570,1870,1840,30,72.76%
高雄市,1508761,1092668,5,4,1,1,1,--,779911,772157,7754,72.42%,71.38%,20%,高雄市旗津區,22830,16734,16435,299,73.3%,高雄市旗津區中洲里,1622,1202,1182,20,74.11%
高雄市,1508761,1092668,5,4,1,1,1,--,779911,772157,7754,72.42%,71.38%,20%,高雄市旗津區,22830,16734,16435,299,73.3%,高雄市旗津區安順里,969,685,670,15,70.69%
高雄市,1508761,1092668,5,4,1,1,1,--,779911,772157,7754,72.42%,71.38%,20%,高雄市旗津區,22830,16734,16435,299,73.3%,高雄市旗津區中興里,2113,1616,1579,37,76.48%
高雄市,1508761,1092668,5,4,1,1,1,--,779911,772157,7754,72.42%,71.38%,20%,高雄市小港區,107560,76584,75573,1011,71.2%,高雄市小港區小港里,1711,1258,1239,19,73.52%
高雄市,1508761,1092668,5,4,1,1,1,--,779911,772157,7754,72.42%,71.38%,20%,高雄市小港區,107560,76584,75573,1011,71.2%,高雄市小港區港口里,3075,2198,2175,23,71.48%
高雄市,1508761,1092668,5,4,1,1,1,--,779911,772157,7754,72.42%,71.38%,20%,高雄市小港區,107560,76584,75573,1011,71.2%,高雄市小港區港正里,2342,1687,1671,16,72.03%
高雄市,1508761,1092668,5,4,1,1,1,--,779911,772157,7754,72.42%,71.38%,20%,高雄市小港區,107560,76584,75573,1011,71.2%,高雄市小港區港墘里,1489,1125,1112,13,75.55%
高雄市,1508761,1092668,5,4,1,1,1,--,779911,772157,7754,72.42%,71.38%,20%,高雄市小港區,107560,76584,75573,1011,71.2%,高雄市小港區港明里,2762,1986,1965,21,71.9%
高雄市,1508761,1092668,5,4,1,1,1,--,779911,772157,7754,72.42%,71.38%,20%,高雄市小港區,107560,76584,75573,1011,71.2%,高雄市小港區港后里,1818,1323,1319,4,72.77%
高雄市,1508761,1092668,5,4,1,1,1,--,779911,772157,7754,72.42%,71.38%,20%,高雄市小港區,107560,76584,75573,1011,71.2%,高雄市小港區港南里,1921,1317,1311,6,68.56%
高雄市,1508761,1092668,5,4,1,1,1,--,779911,772157,7754,72.42%,71.38%,20%,高雄市小港區,107560,76584,75573,1011,71.2%,高雄市小港區港興里,1932,1422,1411,11,73.6%
高雄市,1508761,1092668,5,4,1,1,1,--,779911,772157,7754,72.42%,71.38%,20%,高雄市小港區,107560,76584,75573,1011,71.2%,高雄市小港區鳳宮里,1748,1189,1176,13,68.02%
高雄市,1508761,1092668,5,4,1,1,1,--,779911,772157,7754,72.42%,71.38%,20%,高雄市小港區,107560,76584,75573,1011,71.2%,高雄市小港區店鎮里,4242,2938,2909,29,69.26%
高雄市,1508761,1092668,5,4,1,1,1,--,779911,772157,7754,72.42%,71.38%,20%,高雄市小港區,107560,76584,75573,1011,71.2%,高雄市小港區大苓里,2084,1509,1492,17,72.41%
高雄市,1508761,1092668,5,4,1,1,1,--,779911,772157,7754,72.42%,71.38%,20%,高雄市小港區,107560,76584,75573,1011,71.2%,高雄市小港區二苓里,2890,2018,1997,21,69.83%
高雄市,1508761,1092668,5,4,1,1,1,--,779911,772157,7754,72.42%,71.38%,20%,高雄市小港區,107560,76584,75573,1011,71.2%,高雄市小港區三苓里,2409,1751,1736,15,72.69%
高雄市,1508761,1092668,5,4,1,1,1,--,779911,772157,7754,72.42%,71.38%,20%,高雄市小港區,107560,76584,75573,1011,71.2%,高雄市小港區正苓里,3228,2129,2118,11,65.95%
高雄市,1508761,1092668,5,4,1,1,1,--,779911,772157,7754,72.42%,71.38%,20%,高雄市小港區,107560,76584,75573,1011,71.2%,高雄市小港區順苓里,3359,2331,2309,22,69.4%
高雄市,1508761,1092668,5,4,1,1,1,--,779911,772157,7754,72.42%,71.38%,20%,高雄市小港區,107560,76584,75573,1011,71.2%,高雄市小港區六苓里,1359,995,986,9,73.22%
高雄市,1508761,1092668,5,4,1,1,1,--,779911,772157,7754,72.42%,71.38%,20%,高雄市小港區,107560,76584,75573,1011,71.2%,高雄市小港區宏亮里,2851,2002,1978,24,70.22%
高雄市,1508761,1092668,5,4,1,1,1,--,779911,772157,7754,72.42%,71.38%,20%,高雄市小港區,107560,76584,75573,1011,71.2%,高雄市小港區山東里,2462,1699,1681,18,69.01%
高雄市,1508761,1092668,5,4,1,1,1,--,779911,772157,7754,72.42%,71.38%,20%,高雄市小港區,107560,76584,75573,1011,71.2%,高雄市小港區青島里,1591,1175,1165,10,73.85%
高雄市,1508761,1092668,5,4,1,1,1,--,779911,772157,7754,72.42%,71.38%,20%,高雄市小港區,107560,76584,75573,1011,71.2%,高雄市小港區濟南里,2887,2203,2174,29,76.31%
高雄市,1508761,1092668,5,4,1,1,1,--,779911,772157,7754,72.42%,71.38%,20%,高雄市小港區,107560,76584,75573,1011,71.2%,高雄市小港區泰山里,2065,1535,1519,16,74.33%
高雄市,1508761,1092668,5,4,1,1,1,--,779911,772157,7754,72.42%,71.38%,20%,高雄市小港區,107560,76584,75573,1011,71.2%,高雄市小港區山明里,4937,3532,3500,32,71.54%
高雄市,1508761,1092668,5,4,1,1,1,--,779911,772157,7754,72.42%,71.38%,20%,高雄市小港區,107560,76584,75573,1011,71.2%,高雄市小港區高松里,3100,2245,2212,33,72.42%
高雄市,1508761,1092668,5,4,1,1,1,--,779911,772157,7754,72.42%,71.38%,20%,高雄市小港區,107560,76584,75573,1011,71.2%,高雄市小港區松金里,1917,1357,1339,18,70.79%
高雄市,1508761,1092668,5,4,1,1,1,--,779911,772157,7754,72.42%,71.38%,20%,高雄市小港區,107560,76584,75573,1011,71.2%,高雄市小港區松山里,1809,1300,1284,16,71.86%
高雄市,1508761,1092668,5,4,1,1,1,--,779911,772157,7754,72.42%,71.38%,20%,高雄市小港區,107560,76584,75573,1011,71.2%,高雄市小港區大坪里,1105,838,820,18,75.84%
高雄市,1508761,1092668,5,4,1,1,1,--,779911,772157,7754,72.42%,71.38%,20%,高雄市小港區,107560,76584,75573,1011,71.2%,高雄市小港區坪頂里,1266,969,957,12,76.54%
高雄市,1508761,1092668,5,4,1,1,1,--,779911,772157,7754,72.42%,71.38%,20%,高雄市小港區,107560,76584,75573,1011,71.2%,高雄市小港區孔宅里,3491,2424,2390,34,69.44%
高雄市,1508761,1092668,5,4,1,1,1,--,779911,772157,7754,72.42%,71.38%,20%,高雄市小港區,107560,76584,75573,1011,71.2%,高雄市小港區廈莊里,1722,1208,1190,18,70.15%
高雄市,1508761,1092668,5,4,1,1,1,--,779911,772157,7754,72.42%,71.38%,20%,高雄市小港區,107560,76584,75573,1011,71.2%,高雄市小港區合作里,2184,1574,1552,22,72.07%
高雄市,1508761,1092668,5,4,1,1,1,--,779911,772157,7754,72.42%,71.38%,20%,高雄市小港區,107560,76584,75573,1011,71.2%,高雄市小港區桂林里,5618,3915,3867,48,69.69%
高雄市,1508761,1092668,5,4,1,1,1,--,779911,772157,7754,72.42%,71.38%,20%,高雄市小港區,107560,76584,75573,1011,71.2%,高雄市小港區中厝里,2773,1948,1922,26,70.25%
高雄市,1508761,1092668,5,4,1,1,1,--,779911,772157,7754,72.42%,71.38%,20%,高雄市小港區,107560,76584,75573,1011,71.2%,高雄市小港區鳳鳴里,2285,1795,1768,27,78.56%
高雄市,1508761,1092668,5,4,1,1,1,--,779911,772157,7754,72.42%,71.38%,20%,高雄市小港區,107560,76584,75573,1011,71.2%,高雄市小港區龍鳳里,2100,1648,1627,21,78.48%
高雄市,1508761,1092668,5,4,1,1,1,--,779911,772157,7754,72.42%,71.38%,20%,高雄市小港區,107560,76584,75573,1011,71.2%,高雄市小港區鳳森里,1535,1207,1196,11,78.63%
高雄市,1508761,1092668,5,4,1,1,1,--,779911,772157,7754,72.42%,71.38%,20%,高雄市小港區,107560,76584,75573,1011,71.2%,高雄市小港區鳳林里,2081,1533,1516,17,73.67%
高雄市,1508761,1092668,5,4,1,1,1,--,779911,772157,7754,72.42%,71.38%,20%,高雄市小港區,107560,76584,75573,1011,71.2%,高雄市小港區鳳興里,1654,1253,1242,11,75.76%
高雄市,1508761,1092668,5,4,1,1,1,--,779911,772157,7754,72.42%,71.38%,20%,高雄市小港區,107560,76584,75573,1011,71.2%,高雄市小港區鳳源里,2457,1781,1742,39,72.49%
高雄市,1508761,1092668,5,4,1,1,1,--,779911,772157,7754,72.42%,71.38%,20%,高雄市小港區,107560,76584,75573,1011,71.2%,高雄市小港區海澄里,4632,3250,3175,75,70.16%
高雄市,1508761,1092668,5,4,1,1,1,--,779911,772157,7754,72.42%,71.38%,20%,高雄市小港區,107560,76584,75573,1011,71.2%,高雄市小港區海昌里,2371,1592,1549,43,67.14%
高雄市,1508761,1092668,5,4,1,1,1,--,779911,772157,7754,72.42%,71.38%,20%,高雄市小港區,107560,76584,75573,1011,71.2%,高雄市小港區海豐里,2479,1601,1573,28,64.58%
高雄市,1508761,1092668,5,4,1,1,1,--,779911,772157,7754,72.42%,71.38%,20%,高雄市小港區,107560,76584,75573,1011,71.2%,高雄市小港區海原里,2885,1908,1865,43,66.14%
高雄市,1508761,1092668,5,4,1,1,1,--,779911,772157,7754,72.42%,71.38%,20%,高雄市小港區,107560,76584,75573,1011,71.2%,高雄市小港區海城里,2934,1916,1844,72,65.3%
